/*
Navicat MySQL Data Transfer

Source Server         : 106.12.22.125
Source Server Version : 50729
Source Host           : 106.12.22.125:3306
Source Database       : bodhi

Target Server Type    : MYSQL
Target Server Version : 50729
File Encoding         : 65001

Date: 2020-08-29 18:35:43
*/

SET FOREIGN_KEY_CHECKS=0;

-- ----------------------------
-- Table structure for article_article
-- ----------------------------
DROP TABLE IF EXISTS `article_article`;
CREATE TABLE `article_article` (
  `id` int(11) NOT NULL AUTO_INCREMENT,
  `title` varchar(100) NOT NULL,
  `desc` varchar(255) DEFAULT NULL,
  `category` varchar(20) DEFAULT NULL,
  `c_time` datetime(6) NOT NULL,
  `support` int(11) DEFAULT NULL,
  `content` longtext,
  `voice` varchar(100) DEFAULT NULL,
  `cover` varchar(100) DEFAULT NULL,
  PRIMARY KEY (`id`)
) ENGINE=InnoDB AUTO_INCREMENT=17 DEFAULT CHARSET=utf8;

-- ----------------------------
-- Records of article_article
-- ----------------------------
INSERT INTO `article_article` VALUES ('1', '心经', '摩诃般若波罗蜜多心经', 'scripture', '2020-08-23 21:14:03.333724', '0', '[00:05.20]观自在菩萨，行深般若波罗蜜多时，照见五蕴皆空，度一切苦厄。\r\n[00:19.08]舍利子\r\n[00:21.60]色不异空，空不异色，色即是空，空即是色，受想行识，亦复如是。\r\n[00:36.68]舍利子是诸法空相，不生不灭，不垢不净，不增不减。\r\n[00:49.00]是故空中无色，无受想行识，无眼耳鼻舌身意，无色声香味触法。\r\n[01:03.42]无眼界，乃至无意识界，无无明，亦无无明尽，乃至无老死，亦无老死尽。\r\n[01:18.58]无苦集灭道，无智亦无得。\r\n[01:26.14]以无所得故，菩提萨垛依般若波罗蜜多故，心无挂碍。\r\n[01:36.14]无挂碍故无有恐怖，远离颠倒梦想，究竟涅盘。\r\n[01:47.42]三世诸佛，依般若波罗蜜多故，得阿诺多罗三藐三菩提。\r\n[01:58.58]故知般若波罗蜜多，是大神咒，是大明咒，是无上咒，是无等等咒。\r\n[02:11.70]能除一切苦，真实不虚。\r\n[02:18.12]故说般若波罗蜜多咒，即说咒曰：揭谛，揭谛，般若揭谛，菠萝僧揭谛，菩提萨婆诃。', 'voices/心经-普通话.mp3', '');
INSERT INTO `article_article` VALUES ('3', '【地藏经】较量布施功德缘品 第十', '。。。', 'scripture', '2020-08-23 23:27:28.289562', '0', '[00:17.49]尔时，地藏菩萨摩诃萨，承佛威神，从座而起，胡跪合掌，白佛言：\r\n[00:27.62]世尊，我观业道众生，较量布施，有轻有重。有一生受福，有十生受福，有百生、千生受大福利者。\r\n[00:40.78]是事云何？唯愿世尊，为我说之。尔时佛告地藏菩萨：”吾今于忉利天宫一切众会，说阎浮提布施校量功德轻重。汝当谛听，吾为汝说。” \r\n[01:01.50]地藏白佛言：”我疑是事，愿乐欲闻。”\r\n[01:08.80]佛告地藏菩萨：“南阎浮提，有诸国王、宰辅大臣、大长者、大刹利、大婆罗门等，若遇最下贫穷，乃至癃残喑哑、聋痴无目，如是种种不完具者。”\r\n[01:27.38]是大国王等，欲布施时，若能具大慈悲，下心含笑，亲手遍布施，或使人施，软言慰谕。是国王等，所获福利，如布施百恒河沙佛功德之利。何以故？缘是国王等，于是最贫贱辈及不完具者，发大慈心。\r\n[01:54.22]是故福利有如此报。百千生中，常得七宝具足，何况衣食受用。\r\n[02:04.28]复次地藏，若未来世，有诸国王，至婆罗门等，遇佛塔寺，或佛形像，乃至菩萨、声闻、辟支佛像，躬自营办，供养布施。\r\n[02:19.48]是国王等，当得三劫为帝释身，受胜妙乐。\r\n[02:26.08]若能以此布施福利，回向法界，是大国王等，于十劫中，常为大梵天王。”“复次地藏，若未来世，有诸国王，至婆罗门等，遇先佛塔庙，或至经像，毁坏破落。\r\n[02:46.70]乃能发心修补。是国王等，或自营办，或劝他人，乃至百千人等布施结缘。是国王等，百千生中，常为转轮王身。\r\n[03:01.64]如是他人同布施者，百千生中，常为小国王身。更能于塔庙前，发回向心，如是国王，乃及诸人，尽成佛道。以此果报，无量无边。\r\n[03:19.72]复次地藏，未来世中，有诸国王，及婆罗门等，见诸老病，及生产妇女，若一念间，具大慈心，布施医药、饮食、卧具，使令安乐。\r\n[03:35.96]如是福利最不思议，一百劫中常为净居天主，二百劫中常为六欲天主，毕竟成佛，永不堕恶道，乃至百千生中，耳不闻苦声。\r\n[03:55.30]复次地藏，若未来世中，有诸国王，及婆罗门等，能作如是布施，获福无量。更能回向，不问多少，毕竟成佛，何况释、梵、转轮之报。\r\n[04:13.30]是故地藏，普劝众生，当如是学。\r\n[04:19.21]复次地藏未来始终若善男子善女人于佛法中种少善根魔法沙尘等许所受福利，不可为喻。\r\n[04:32.60]复次地藏，未来世中，若善男子善女人，于佛法中种少善根，毛发沙尘等许，所受福利，不可为喻。\r\n[04:46.70]复次地藏，未来世中，若有善男子善女人，遇佛形像、菩萨形像、辟支佛形像、转轮王形像，布施供养，得无量福，常在人天，受胜妙乐。若能回向法界，是人福利，不可为喻。\r\n[04:55.54]复次地藏，未来世中，若有善男子善女人，遇大乘经典，或听闻一偈一句，发殷重心，赞叹恭敬，布施供养。是人获大果报，无量无边。若能回向法界，其福不可为喻。\r\n[05:18.00]复次地藏，若未来世中，有善男子善女人，遇佛塔寺、大乘经典。新者，布施供养，瞻礼赞叹，恭敬合掌。若遇故者，或毁坏者，修补营理，或独发心，或劝多人同共发心。如是等辈，三十生中，常为诸小国王。\r\n[05:45.52]檀越之人，常为轮王，还以善法教化诸小国王。”“复次地藏，未来世中，若有善男子善女人，于佛法中所种善根，或布施供养，或修补塔寺，或装理经典，乃至一毛一尘、一沙一滴。如是善事，但能回向法界。\r\n[06:12.96]是人功德，百千生中，受上妙乐。\r\n[06:17.76]如但回向自家眷属，或自身利益，如是之果，即三生受乐，舍一得万报。\r\n[06:28.70]是故地藏，布施因缘，其事如是。', 'voices/dizang-10.mp3', '');
INSERT INTO `article_article` VALUES ('4', '大悲咒--印能法师', '大悲咒--印能法师', 'music', '2020-08-26 11:14:04.403532', '0', '大悲咒--印能法师', 'voices/印能法师_-_大悲咒.mp3', null);
INSERT INTO `article_article` VALUES ('5', '【地藏经】忉利天宫神通品第一', null, 'scripture', '2020-08-26 11:43:53.265212', '0', '[00:13.14]开经偈：无上甚深微妙法，百千万劫难遭遇。\r\n[00:24.52]我今见闻得受持，愿解如来真实义。\r\n[00:35.64]地藏菩萨本愿经，唐于阗国三藏沙门实叉难陀译。\r\n[00:44.76]忉利天宫神通品第一\r\n[00:50.56]如是我闻，一时佛在忉利天，为母说法。尔时十方无量世界，不可说不可说，一切诸佛，及大菩萨摩诃萨，皆来集会。\r\n[01:07.22]赞叹释迦牟尼佛，能于五浊恶世，现不可思议大智慧神通之力，调伏刚强众生，知苦乐法。\r\n[01:20.36]各遣侍者，问讯世尊。是时如来含笑，放百千万亿大光明云，所谓大圆满光明云、大慈悲光明云、大智慧光明云、大般若光明云、大三昧光明云、大吉祥光明云、大福德光明云、大功德光明云、大皈依光明云、大赞叹光明云，放如是等不可说光明云已。\r\n[01:51.50]放如是等不可说光明云已。又出种种微妙之音.所谓檀(tán)波罗蜜音、尸波罗蜜音、羼(chàn)提波罗密音、毗(pí)离耶波罗蜜音、禅波罗蜜音、般若(bōrě)波罗密音、慈悲音、喜舍音、解脱音、无漏音、智慧音、大智慧音、师子吼音、大师子吼音、云雷音、大云雷音。\r\n[02:23.10]出如是等不可说不可说音已娑婆世界及他方国土有无量亿天龙鬼神一集到忉利天宫？\r\n[02:34.72]所谓四天王天忉利天需要魔天兜率陀天化乐天他画画在天范仲天范府天大梵天，少光天，无量光天光阴天少净天，无量净天，遍净天符升天符爱天。\r\n[02:57.74]广果天，无想天无烦天无热天善见天善县添色究竟天摩西首罗天乃至非想非非想处天。\r\n[03:12.02]一切天众龙众鬼神等众欣来集会。\r\n[03:17.80]复有他方国土及娑婆世界海神将神河神树神树神d神川泽神，苗稼神咒神叶神，空神，天神，饮食神草木深。\r\n[03:34.76]如是等神皆来集会。\r\n[03:38.72]复有他方国土及娑婆世界诸大鬼王，所谓恶目鬼王，啖血鬼王，啖精气鬼王，啖胎卵鬼王行病鬼王涉毒鬼王慈心鬼王，福利鬼王大爱敬鬼王。\r\n[03:56.82]如是等鬼王皆来集会。\r\n[04:01.26]20释迦牟尼佛告文殊师利法王子菩萨摩诃萨。\r\n[04:08.22]汝观是一切诸佛菩萨及天龙鬼神，此世界他世界此国土，他国土如是今来集会到忉利天者如之术否。\r\n[04:25.98]文殊师利白佛言世尊，若以我神力，千劫测度不能得之。\r\n[04:34.68]佛告文殊师利，吾以佛眼观故犹不尽数此皆是地藏菩萨久远劫来印度，印度，印度已成就，当成就为成就。\r\n[04:51.24]文殊师利白佛言世尊，我已过去久修善根证无碍智，闻佛所言，即当信受小果声闻，天龙八部及未来世诸众生等随文如来诚实之语，必怀疑惑设施顶受未免兴谤。\r\n[05:15.08]唯愿世尊广说地藏菩萨摩合萨因地作何行睇何怨而能成就不思议事嗯。\r\n[05:26.60]佛告文殊实力，譬如3000大千世界，所有草木丛林，稻麻竹苇，山石微尘一物一丨作为恒河恒河沙一沙一界，一界之内，一尘一劫。\r\n[05:47.20]一节之内，所积尘数，尽充为劫。\r\n[05:52.80]地藏菩萨证十地果位以来签被多于上喻，何况地藏菩萨在声闻地之佛帝。\r\n[06:05.10]文殊师利，此菩萨威神，誓愿不可思议，若未来世，有善男子善女人闻是菩萨名字或赞叹火灾里或称名，或供养，乃至彩画刻镂，塑漆形象，是人当得百返生于33天，永不堕恶道。\r\n[06:33.56]文书实力是地藏菩萨摩诃萨于过去久远不可说不可说劫前身为大长者子。\r\n[06:43.90]只是有佛号曰狮子奋迅具足万行如来。\r\n[06:51.06]使长者子见佛相好千伏庄严，因为比佛作何行愿而得此象。\r\n[07:01.24]使狮子奋迅具足万行如来告长者子欲证此身当须久远，度脱一切受苦众生。\r\n[07:13.10]文书实力使长者子因发愿言，我今尽未来际不可计劫，为是罪苦六道众生广设方便尽令解脱，而我自身方成佛道。\r\n[07:31.18]以是于彼佛前丽思大院于今百千万亿娜由他不可说劫尚为菩萨，嗯。\r\n[07:40.36]由于过去不可思议阿僧祗劫实施有佛号曰觉华定自在王如来。\r\n[07:49.30]佛佛寿命，四百千万亿阿僧祗劫。\r\n[07:54.26]像法之中，有一婆罗门女宿扶山后中所亲近行著作握住田维护其母信邪，常青三宝。\r\n[08:06.68]事实胜于广设方便劝诱其母令生正见，而此女母未全生信不久命中魂神堕在无间地狱。\r\n[08:19.16]时婆罗门女知母在世不信因果，即当随意必胜个去，遂卖家宅广求香花及诸供具与仙佛塔寺大兴供养，见觉华定自在王如来其形象在一四中塑化危容端严毕备。\r\n[08:42.06]是婆罗门女占礼尊荣备生敬仰私自念言佛名大觉具一切智若在世时，父母死后抗来问佛壁之处所。\r\n[08:57.72]时婆罗门女垂泣良久占念如来。\r\n[09:02.84]空中声曰气者，圣女物质悲哀，我今示汝母之去处，婆罗门女，合掌向空而白空曰。\r\n[09:15.68]是何神德宽我忧虑我自私募以来昼夜忆恋无处可问知母生界。\r\n[09:24.50]时空中有声再报女曰我是如所瞻礼者，过去觉华定自在王如来键入一亩被于常情众生之分，故来告示。\r\n[09:39.46]婆罗门女闻此声，一句身子扑直接损左右扶持良久方苏而白空曰佛慈悯粟说我母生界无解身心将死不久。\r\n[09:56.88]时觉华定自在王如来告圣女曰。\r\n[10:01.44]公共养地蛋早反射端坐，思惟吾之名号，即当知母所生去处。\r\n[10:11.28]时婆罗门女寻礼佛以及瑰琦摄一亿募固端坐念觉华定自在王如来经一日一夜忽见自身到一海边，其水涌沸，多诸恶兽。\r\n[10:27.80]孕妇贴身飞走海上东西驰逐见诸男子女人百千万丨出没海中被诸恶兽争取时代哦。\r\n[10:40.40]又见夜叉奇形各异，或多手多眼多足，多头口牙外出利刃如剑居住罪人，使近恶兽。\r\n[10:52.72]父字伯嚼头足相就其形万类不敢九世。\r\n[10:59.60]时婆罗门女一念佛力故，自然无惧有衣柜王，名曰无毒，稽首来迎，白圣女曰。\r\n[11:09.62]善哉，菩萨和原来此。\r\n[11:13.36]时婆罗门女问鬼王曰，此事何处无毒答曰，此是大铁围山西面第一重海。\r\n[11:23.90]圣女问曰，我闻铁围之内，地狱在中是事实，否无毒大约十有地狱。\r\n[11:34.18]问问问曰沃金云何得到狱所？\r\n[11:39.60]无毒答曰，若非威神，即需业力非此二事，终不能到。\r\n[11:47.32]圣女又问，此水何缘，而乃涌沸，多诸罪人以及恶兽。\r\n[11:54.88]无毒答曰，此事延佛提造恶众生心死之者，经49日后，无人祭祀，为做功德，救拔苦难，生时又无善因，当据本业所感地狱自然先渡此海。\r\n[12:13.26]海东十万由旬又有一海，其苦倍此彼海之东，又有一海，其苦复倍，三叶恶因之所招感共号业海其处是也。\r\n[12:29.72]圣女又问鬼王无毒曰，地狱何在？\r\n[12:34.88]无毒答曰三海之内是大地狱，其数百千各各差别，所谓大者，具有18，4500苦毒无量。\r\n[12:47.36]最有千百亿无量苦。\r\n[12:51.46]圣女又问大鬼王曰薄母死来未久，不知魂神当至何趣？\r\n[12:59.68]鬼王问圣女曰。\r\n[13:02.66]菩萨之母在生习何行业。\r\n[13:06.48]正与大约我母邪见机会，三宝社会自信选有不禁死虽日浅未至深处。\r\n[13:18.26]无毒问曰菩萨之母性是何等。\r\n[13:23.16]圣女答曰喔富翁亩巨婆罗门种佛号施罗善县母号悦帝帝无毒合掌启菩萨曰。\r\n[13:35.44]愿圣者却返本处五至u1背脸部弟弟最女生天以来，京津今三日云层孝顺之子为母设，供修福布施觉华定自自己自己在王如来塔寺。\r\n[13:51.68]非唯菩萨之母，得脱地狱，应是无间罪人，此日悉得受乐俱同生讫。\r\n[14:02.30]鬼王言毕合掌而退，婆罗门女寻如梦归悟此事已编余菊华定自在王如来塔像之前d红柿苑。\r\n[14:16.22]愿我尽未来劫应有罪苦众生广设方便，使令解脱。\r\n[14:24.74]佛告文殊师利之鬼王无毒者当今财首菩萨世婆罗门女者及地藏菩萨世，嗯。\r\n[14:46.38]嗯。', 'voices/dizang-1.mp3', '');
INSERT INTO `article_article` VALUES ('6', '【地藏经】分身集会品第二', null, 'scripture', '2020-08-26 11:44:10.140837', '0', '[00:01.78]嗯嗯嗯嗯嗯嗯嗯嗯嗯。\r\n[00:08.34]嗯嗯，分身集会品第二二十百千万亿不可思不可量不可量，不可说无量阿僧祗世界嗯。\r\n[00:25.90]所有地狱处分身地藏菩萨俱来集在忉利天宫与如来神力故各以方面与诸得解脱，从业道出者亦各有千万亿娜有他术。\r\n[00:41.80]供迟香花来供养佛比州同来，等辈皆音，地藏菩萨教化永不退转于阿耨多罗三藐三菩提。\r\n[00:54.84]是诸众等久远劫来流浪生死六道受苦，暂无休息，以地藏菩萨广大慈悲，深誓愿故，各获果证。\r\n[01:07.18]极致到李心怀踊跃瞻仰如来目不暂舍。\r\n[01:13.36]20世尊舒金色臂魔百千万亿不可思，不可议不可量，不可说无量，阿僧祗世界诸分身，地藏菩萨摩诃萨顶而作是言，嗯。\r\n[01:28.54]五与五浊恶世教化如是刚强众生，令心调伏摄斜归正十有一二尚恶习在。\r\n[01:39.32]吴亦分身千百亿，广设方便或有利根，闻即信受，或有善果，勤劝成就，或有暗钝就化方归，或有业重，不生敬仰如是等辈，众生各各差别，分身度脱。\r\n[01:58.34]获现男子身或现女人身霍县天龙山霍县神鬼神霍县，山林川原，河池泉井地级鱼人希捷杜托。\r\n[02:12.20]霍县天地深或现梵王身获现转轮王身获现居士身货现货现获现官属身获现比丘比丘尼优婆塞优婆夷身，乃至声闻罗汉辟支佛菩萨等身而已，化度。\r\n[02:33.96]非但佛身独现其前入关无累劫，勤苦度脱如是等难化刚强罪苦众生，其有未调伏者随业报应，若多恶趣受大苦时，汝当忆念吾在忉利天宫殷勤付嘱令娑婆世界至弥勒出世以来，众生悉使解脱，永离诸苦雨佛授记。\r\n[03:02.72]而是诸世界分身地藏菩萨共复一形涕泪哀恋白其佛言。\r\n[03:10.28]我从久远劫来蒙佛接引，是获不可思议神力具大智慧，我所分身，遍满百千万亿恒河沙世界，每一世界化百千万亿身，每一身度百千万亿人，令归敬三宝永离生死至涅盘乐。\r\n[03:32.78]但于佛法中所为善事一毛一滴一沙一尘或毫发许，我见杜托始获大利，唯愿世尊不以后世恶业众生为虑。\r\n[03:48.18]如是三白佛言，唯愿世尊，不以后世恶业众生为虑。\r\n[03:55.64]20佛在地藏菩萨言，善哉善哉吾助汝喜若能成就久远劫来，发弘誓愿广度将毕即证菩提。', 'voices/dizang-2.mp3', '');
INSERT INTO `article_article` VALUES ('7', '【地藏经】观众生业缘品第三', null, 'scripture', '2020-08-26 11:44:21.675768', '0', '[00:01.92]嗯嗯嗯嗯嗯嗯嗯嗯嗯。\r\n[00:08.25]嗯嗯，观众生业缘品第三，而使父母摩耶夫人恭敬合掌问地藏菩萨言。\r\n[00:25.84]胜者延佛众生造业差别所受报应其实允和。\r\n[00:33.60]地藏答言。\r\n[00:35.70]千万世界哪集国土或有地狱或无地域或有女人或无女人或有佛法或无佛法，乃至声闻辟支佛一佛如是。\r\n[00:50.54]非但地狱罪报一等。\r\n[00:54.52]摩耶夫人重白菩萨。\r\n[00:57.82]学文于研服罪鲍所感恶趣。\r\n[01:03.00]地藏答言圣母唯愿停售，我粗说之佛母白言愿圣者说，尔时地藏菩萨白圣母言，南阎浮提，罪报名号如是。\r\n[01:23.28]若有众生不孝父母，或至杀害，当堕无间地狱，千万亿劫，求出无期。\r\n[01:32.68]若有众生出佛身血或棒棒三宝不敬尊经义当堕于无间地狱千万亿劫，求出无期嗯。\r\n[01:44.04]若有众生侵损常住玷污僧尼或伽蓝内恣行淫欲，或杀或害，如是等辈当堕无间地狱千万亿劫，求出无期。\r\n[01:58.98]若有众生伪作沙门，心非沙门，破用常住其诳白衣，违背戒律，种种造恶，如是等辈当堕无间地狱千万亿劫，求出无期。\r\n[02:14.66]若有众生偷窃常住财物，谷米，饮食，衣服，乃至一物，不与取者，当堕无间地狱千万亿劫，求流出五七。\r\n[02:28.76]地藏白岩圣母若有众生作如是最当作五无间地狱，求暂停苦一念不得摩耶夫人重白地藏菩萨言云何名为无间地狱。\r\n[02:46.44]地藏白岩圣母诸有地狱，在大铁围山之内，其大地狱有18所自由500名好特别自由，千百名字意比无间狱者，其语城周匝八万余里。\r\n[03:06.04]集成纯铁高一万里乘上火车少有空缺，其玉城中珠玉相连，民好个别都有抑郁，名曰无间，其余周匝万八千里，遇墙高一千里，茜是铁胃上火彻下下火彻上。\r\n[03:29.16]铁蛇铁狗吐火驰逐狱墙之上东西而走，狱中有床遍满万里，一人受罪自见其身，遍卧满床，千万人受罪，亦各自见身满床上。\r\n[03:47.38]众业所感获报如是。\r\n[03:51.08]有诸罪人备受众苦千百夜叉以及饿鬼口牙如剑，眼如电光手付通找拖拽罪人。\r\n[04:03.32]复有夜叉执大铁戟，重罪人身或重口鼻或重复背抛空翻接获至床上。\r\n[04:13.86]复有铁鹰，但最人物负有铁蛇绞罪人颈百之杰内西下长钉拔舌耕梨，抽肠挫斩杨童贯口，热铁缠身，万紫千山夜敢如是动静一劫，求出无期，此界坏时，即使她姐他姐自坏转寄他方。\r\n[04:40.80]他方坏时，辗转相继，此解成后还复而来，无间罪鲍其事如是。\r\n[04:50.52]又五事业感，故称无间何等为五一折，日夜受罪，以至结束，无时间绝，故称无间行者一人一满多人亦满，故称无间，三者最起码绑应蛇狼犬对摩俱遭挫折或汤铁网铁绳，铁驴铁马，申格洛手热铁浇身奇吞帖。\r\n[05:20.76]渴饮铁汁从年经结束，娜由她苦楚相连，更无间断，故称无间。\r\n[05:30.84]四者不问男子女人羌胡夷狄老幼贵贱或龙，或神，或天或鬼罪行夜感系统受之，故称无间行者若堕此狱从初入时至百千劫，一日一夜万死万生，求一念间暂住不得。\r\n[05:55.10]除非业尽，方得受生依次连绵，故称无间。\r\n[06:02.50]地藏菩萨白圣母言无间地狱粗说如是若广说地狱罪器等名及诸苦事，一劫之中，求说不尽嗯。\r\n[06:15.90]摩耶夫人文以愁忧合掌顶礼而退。\r\n[06:22.66]嗯。\r\n[06:30.68]嗯。\r\n[06:35.84]嗯。', 'voices/dizang-3.mp3', '');
INSERT INTO `article_article` VALUES ('8', '【地藏经】阎浮众生业感品第四', null, 'scripture', '2020-08-26 11:44:37.341830', '0', '[00:01.78]嗯。\r\n[00:08.36]嗯颜伏众生业感品第四，尔时，地藏菩萨摩诃萨白佛言。\r\n[00:22.98]世尊，我承佛如来威神力故便百千万亿世界分是身形，就把一切业报众生。\r\n[00:33.64]若非如来，大慈力，故即不能作如是变化。\r\n[00:39.06]我今又蒙佛付嘱治阿姨多成佛以来，六道众生遣令度脱唯然世尊，愿不有虑。\r\n[00:51.40]20佛告地藏菩萨，一切众生未解脱者，性识无定，恶习结业善习结果，为善为恶逐境而生，轮转五道，暂无休息。\r\n[01:08.30]动经尘劫，迷惑障难，如鱼游网，将是长流，脱入暂出，又复遭网，一是等被吾当忧念。\r\n[01:21.22]如GB是往院里结，重视广度罪辈，吾复何虑？\r\n[01:30.28]说事与时会中有一菩萨摩诃萨名定自在王白佛言。\r\n[01:37.82]此尊地藏菩萨累劫以来，各发何愿金蒙世尊殷勤赞叹惟愿世尊率而说之嗯。\r\n[01:49.20]20世尊告定自在王菩萨，谛听谛听善思念之，吾当为汝分别解说。\r\n[02:00.44]乃往过去无量阿僧祗奴由他不可说劫，而是有佛号一切智成就如来，烟供正遍知明行足善逝世间解无上士调御丈夫。\r\n[02:17.98]天人师佛世尊，其佛寿命六万劫，未出家时为小国王与一邻国王为友，同行十善，饶益众生，嗯。\r\n[02:32.60]邻国内所有人民多造众恶，二王艺纪广设方便，一王发愿早成佛道，当都市被令使无余一王发愿，若不先度最苦，令是安乐德至菩提，我终未愿成佛。\r\n[02:53.50]佛告定自在王菩萨，一王发愿早成佛者及一切智成就如来是一王发愿永度罪苦众生未愿成佛者，即地藏菩萨是。\r\n[03:10.66]负于过去无量阿僧祗劫，有佛出世，名清净莲花目如来七佛寿命，40劫，像法之中，有一罗汉，佛度众生因次教化寓意女人字曰光目设食供养。\r\n[03:30.60]罗汉纹之欲愿何等。\r\n[03:34.58]光目答言，我乙墓王之日资福救拔位置，我母生处何趣？\r\n[03:43.30]罗汉愍之为入定观见光母女母堕在恶趣受极大苦。\r\n[03:51.76]罗汉问光目言如母，再生做何行业今在恶趣受极大苦。\r\n[04:00.08]光目答言，我母所习为好食啖鱼鳖之属所食鱼鳖多食其子或炒或煮自矜实弹及其秘书千万富翁。\r\n[04:14.78]尊者慈愍如何艾灸？\r\n[04:18.48]罗汉愍之为作方便劝光目言。\r\n[04:23.64]如可制成念清净莲花目如来坚素化形象存亡获报光木纹以及舍所爱驯化佛像，而供养直负恭敬心悲泣瞻礼。\r\n[04:41.04]忽于夜后梦见佛身金色晃耀如须弥山，放大光明而高光亩如母，不久当升如家裁决，其汗即当严说。\r\n[04:57.36]其后夹内壁生一子未满三日，而乃言说其与悲泣告于光幕生死业缘果报自受恶世如母九处按名字别如来磊落大地狱盟主福利方得受生为下贱人。\r\n[05:19.30]又复短命，寿年13更落恶道，如有合计并无脱棉。\r\n[05:27.94]光木纹说之母以哽咽，悲泣而白壁纸。\r\n[05:33.74]即是王母和资本最做何行业多于恶道。\r\n[05:40.08]鼻子打言以杀害，毁骂二业受报，若非蒙佛救拔无奈以事业顾，为何解脱？\r\n[05:51.74]光幕问言，地狱罪报，其实允和鼻子打眼，最苦之事不忍称说百千岁中卒白南京。\r\n[06:05.20]光木纹与体内豪气而白空见，愿为之母用拖地域比13岁更无中最吉利饿到。\r\n[06:16.88]之诸佛慈哀愍我，听我为母所发广大誓愿，若得我母永离三途及斯下贱，乃至女人之身，永劫不受者，愿我自今日后，对清净莲花目如来像前，却后百千万亿劫中，应有世界所有地狱及三恶道诸罪苦众生，誓愿救拔。\r\n[06:44.56]令离地狱恶趣，畜生饿鬼等，如是最豹等人，尽成佛竟，我然后方成正觉。\r\n[06:57.08]发誓愿意据闻清净莲花目如来而告之曰光母乳，大慈悯善能为母发如是大愿吾观汝母，13岁毕舍此报已成为泛智寿年百岁。\r\n[07:16.78]过是报后当生无忧，国土寿命不可计劫后成佛，佛光渡人天数如恒河沙。\r\n[07:29.98]佛告定自在王20罗汉，福度光目者及无尽意菩萨是光目母者即解脱，菩萨是光母女者，即地藏菩萨是。\r\n[07:47.82]过去久远劫中如是慈愍法，恒河沙远，广度众生，未来世中，若有男子女人不行善者行恶者乃至不信因果者，邪淫妄语者，两舌恶口者毁谤大乘者。\r\n[08:06.86]如是诸业众生，必堕恶趣，若遇善知识，劝令一弹指间归依地藏菩萨是诸众生即得解脱，三恶道报。\r\n[08:20.20]若能至心皈敬及瞻礼赞叹香花衣服种种珍宝或复饮食，如是奉事者，未来百千万亿劫中常在诸天受胜妙的。\r\n[08:36.10]若天福尽下生人间有百千劫常为帝王能以宿命因果本末。\r\n[08:46.84]定自在王如是地藏菩萨有如此不可思议，大威神力广利众生，如等诸菩萨，当记是经广宣流布。\r\n[09:00.56]定自在王白佛言。\r\n[09:03.48]至尊愿不有虑我等千万亿菩萨摩诃萨必能承佛威神广演是经与阎浮提利益众生。\r\n[09:16.08]定自在王菩萨白世尊以合掌恭敬作礼而退。\r\n[09:23.02]24方天王俱从座起，合掌恭敬白佛言。\r\n[09:30.16]世尊地藏菩萨于久远劫来发，如是大愿云何至今犹度未绝，更发广大誓言，唯愿世尊，为我等说。\r\n[09:45.46]佛告四天王，善哉善哉，吾今为汝及未来，现在天人众等广利益故说地藏菩萨与娑婆世界，阎浮提内生死道中。\r\n[10:01.36]挨挨就拔度脱一切罪苦众生，方便之时。\r\n[10:07.82]四天王言为然，世尊愿乐欲闻。\r\n[10:14.32]佛告四天王，地藏菩萨久远劫来，迄至于今度脱众生，犹未毕愿慈愍此世罪苦众生，复观未来无量劫中茵蔓不断。\r\n[10:30.78]一事之故，又发重愿，如是菩萨于娑婆世界阎浮提中百千万亿方便而为教化我知道。\r\n[10:41.64]四天王地藏菩萨若遇杀生者，说宿殃短命报，若遇窃盗者，说贫穷苦楚报，若遇邪淫者，说雀鸽鸳鸯报，若遇恶口者说眷属斗争报。\r\n[11:01.40]若遇毁谤者，说无舌疮口报，若遇嗔恚者，说丑陋癃残爆，若谷签订者说所求违愿报，若遇饮食无度者，说饥渴咽病报，若遇畋猎恣情者说惊狂丧命，报若遇悖逆父母者。\r\n[11:26.02]天地灾杀报若遇烧山林木者说狂迷取死报，若遇前后父母恶毒者说返生鞭挞现受报。\r\n[11:40.00]若遇网捕生雏者说骨肉分离报，若遇毁谤三宝者说盲聋喑哑报若遇轻法慢教者说永处恶道报，若遇破用常住者，所以节轮回地狱到。\r\n[11:59.80]若遇污梵诬僧者说永在畜生道。\r\n[12:04.90]作于汤火斩斫伤生者说轮回递偿报，若遇破戒，犯斋者说禽兽饥饿报，若遇非理毁用者说说求阙绝报若遇吾我贡高者说卑使下贱报。\r\n[12:25.64]若遇两舌斗乱者，说无舌百舌报若遇邪见者说边地受生报嗯。\r\n[12:35.16]如是等阎浮提众生身口意业恶习，结果百千报应今粗略说。\r\n[12:45.14]如是等阎浮提众生业感差别，地藏菩萨百千方便而教化之始，诸众生先受如是等报后堕地狱动经结束，无有初期。\r\n[13:00.98]事故如等护人护国无令是诸众业迷惑众生。\r\n[13:08.70]四天王文etlay悲叹合掌而退。\r\n[13:21.82]嗯。\r\n[13:36.18]嗯。', 'voices/dizang-4.mp3', '');
INSERT INTO `article_article` VALUES ('9', '【地藏经】地狱名号品第五', null, 'scripture', '2020-08-26 11:44:47.914315', '0', '[00:01.92]嗯。\r\n[00:08.52]嗯嗯嗯。\r\n[00:13.24]地狱名号品第五。\r\n[00:20.18]尔时普贤菩萨摩诃萨白地藏菩萨言。\r\n[00:25.94]忍者，愿为天龙四众，及未来，现在一切众生，说娑婆世界及研讨题罪苦众生，所受报处，地狱名号及恶报等式，使未来十万法众生知识过报。\r\n[00:46.02]地藏答言，仁者，我今承佛威神及大士之力略说地狱名号及罪报恶报之事，嗯。\r\n[00:58.36]忍者盐湖提东方有山号曰铁围其山黑邃无日月光，由大地雨好极无见，又有地狱，名曰阿迪富有地域名曰四角。\r\n[01:16.30]复有地狱，名曰飞刀复有地狱，名曰火箭复有地狱，名曰夹山复有地狱，名曰通枪复有地狱，名曰铁车。\r\n[01:30.24]富有地域于明曰铁床复有地狱，名曰铁宁复有地狱，名曰铁衣复有地狱，名曰千刃复有地狱，名曰铁驴负有地狱，名曰烊铜佛有地狱，名曰名曰爆竹复有地狱，名曰流火复有地狱，名曰耕舌。\r\n[01:53.30]又有地狱，名曰拓首富有地狱，名曰烧脚负有地狱，名曰啖眼复有地狱，名曰名曰铁丸复有地狱，名曰正论富有地其名曰铁夫复有地狱，名曰多嗔。\r\n[02:13.86]地藏白言人人者铁围之内，又如是等地狱奇术无限，更有叫唤地狱拔舌地狱，粪尿地狱铜锁，地狱火，向地狱火狗地域火马地狱火牛地狱火山地狱或什地狱或无地狱火梁，地狱火鹰，地狱锯牙，地狱剥皮，地狱饮血地狱烧手。\r\n[02:43.70]地狱烧脚地狱道次地狱或无地域铁无地狱火狼地狱如是等地狱，其中各各复有诸小地狱或一或二或三或四乃至百千。\r\n[03:01.62]其中，名号各各不同。\r\n[03:05.86]地藏菩萨告普贤菩萨言任者，此者皆是南阎浮提行恶众生，业感如是嗯。\r\n[03:16.36]业力甚大，能敌须弥，能深巨海，能障圣道。\r\n[03:22.92]事故中生莫轻小恶，以为无罪，死后有报，纤毫受之父子至亲歧路各别，纵然相逢，无肯代受。\r\n[03:37.58]我今承佛威力略说地狱罪报之事，唯愿仁者暂听是言。\r\n[03:47.30]普贤答言无以九之三，饿到爆炸，或者说令后世末法一切恶行，众生闻仁者说使令归佛。\r\n[04:01.46]地藏白言。\r\n[04:03.66]忍者地狱罪报起始如此或有地狱取罪人，舌使牛耕之或有地狱谷取罪人心夜叉食之或有地狱镬汤盛沸煮罪人身，或有地狱赤烧铜柱，使罪人抱嗯。\r\n[04:25.98]或有地狱是猪火烧，称其罪人或有地狱，已向韩冰或有地狱无限粪尿或有地狱纯妃即离或有地狱多团伙抢或有地狱为撞胸背或有地狱，但烧手足或有地狱般缴铁蛇或有地狱驱逐铁狗。\r\n[04:51.84]或有利率进价铁罗。\r\n[04:55.62]忍者如是等报各各狱中有百千种业道之器，无非是铜是铁，事实是火，此四种物中叶性感。\r\n[05:10.20]若广说地狱罪报等式一一语中更有百千种苦楚，何况多狱沃金承佛威神及仁者问略说如是弱光解说穷劫不尽。\r\n[05:30.44]那怎么办呢？\r\n[05:33.00]啊？\r\n[05:43.80]嗯。', 'voices/dizang-5.mp3', '');
INSERT INTO `article_article` VALUES ('10', '【地藏经】如来赞叹品第六', null, 'scripture', '2020-08-26 11:45:01.224015', '0', '[00:01.94]嗯嗯嗯嗯嗯嗯嗯嗯嗯。\r\n[00:08.51]嗯，如来赞叹品第六，而时世尊举身放大光明。\r\n[00:22.92]变造百千万亿恒河沙等诸佛世界出大音声普告诸佛世界一切诸菩萨摩合萨及天龙鬼神人非人等。\r\n[00:40.08]听吾今日称扬赞叹，地藏菩萨摩诃萨于十方世界现大不可思议，威神慈悲之力救护，而且最苦知识。\r\n[00:54.86]吾灭度后，如等诸菩萨大士，及天龙鬼神等工作方便为护士均令一切众生证涅盘乐。\r\n[01:08.90]说事与时会中有一菩萨名曰普广合掌恭敬而白佛言，今见世尊赞叹地藏菩萨有如是不可思议大威神力唯愿世尊为来世莫法众生。\r\n[01:27.52]听说地藏菩萨利益人天因果等事是诸天龙八部及未来世众生顶受佛语，嗯，20世尊告普广菩萨及四众等。\r\n[01:43.40]谛听谛听吾当为汝略说地藏菩萨利益人天福德之事。\r\n[01:52.26]广广白言惟然史尊愿乐欲闻。\r\n[01:58.82]佛告普广菩萨未来世中，若有善男子善女人闻是地藏菩萨摩诃萨名或合掌者赞叹者，作礼者恋慕者。\r\n[02:12.94]是人超越30劫罪。\r\n[02:16.52]普光若有善男子善女人或彩画形象或土石胶漆，金银铜铁，作此菩萨一占义理者是人，百返生于33天，永不堕于恶道。\r\n[02:33.70]假如天福尽故下生人间有为国王不识大地，若有女人女人心尽心供养地藏菩萨画像及土石，胶漆，铜铁等项。\r\n[02:49.26]如是日日不退，常以华香饮食衣服综采床翻钱宝物等供养是善于人，尽此一报，女身百强，周杰更不生，有女人世界，何况复受。\r\n[03:09.46]除非则愿力故要受女身度脱众生成佛供养地藏力故及功德力百千万劫不受女身。\r\n[03:21.88]复次普广若有女人，也是丑陋多疾病者，但于地藏向前，至今瞻礼时请之间是人，千万劫中所受身相貌圆满。\r\n[03:37.56]是丑陋女人如不愿女生及百千万亿生中常为王女乃及王妃宰辅大姓大长者女端正受生诸相圆满。\r\n[03:51.92]由致新股占礼地藏菩萨或佛如是佛慈菩提，若有善男子善女人能对菩萨像前作诸伎乐及歌咏赞翰香花供养，乃至劝于一人多人如是等辈，现在史中及未来世常得百千鬼神日夜卫护不令恶事，辄不闻其儿。\r\n[04:20.77]何况亲受诸横。\r\n[04:24.76]佛慈菩提未来世中，若有恶人，及恶神，恶鬼，见有善男子善女人皈依供养，赞叹瞻礼地藏菩萨形象或旺盛，机会毁谤无功德及利益事。\r\n[04:41.72]或露齿笑，或背面非，或劝人共非，或一人非，或多人非，乃至一念生讥毁者，如此之人，贤劫千佛灭度积毁之宝尚在阿鼻地狱受极重罪。\r\n[05:00.62]过世界以防守，恶鬼又经千劫，佛手畜牲右京签署方得人身纵受人身贫穷下贱，诸根不具多被恶业来结其心，不久之间，复堕恶道。\r\n[05:21.62]事故朴光姬毁他人供养上获此报，何况别生恶见毁灭。\r\n[05:30.92]复次普广若未来世有男子女人，久处床枕，求生求死了，不可得或夜梦恶鬼，乃及家亲，或游险道，或多眼泪共鬼神游。\r\n[05:47.22]日月岁深转负网站眠中叫苦，凄惨不乐者，此皆是业道论对未定轻重或难舍寿或不得愈。\r\n[06:00.28]男女主演不变是事，但当对佛菩萨像前高声转读此经一遍，或许病人可爱之物或衣服，宝贝，庄园舍宅对对对病人前高声唱言。\r\n[06:18.06]我某甲等为是病人对金像前舍诸等物或供养经像和造佛菩萨形象或造塔寺或然油灯，或是常驻嗯。\r\n[06:31.76]如是三白病人，遣令闻知假令诸识分散至气尽者乃至一日，二日，三日，四日至七日以来，但高声白高声读经。\r\n[06:47.36]人命终之后，素养中最至于五无间罪，用得解脱所受身处行之宿命。\r\n[06:57.62]何况善男子善女人自书此经或教人书或字数画菩萨形象，乃至教人塑画所受果报，必获大利嗯。\r\n[07:11.44]事故谱广，若见有人读诵是经，乃至一念赞叹是经或恭敬者入须百千方便劝是等人情形没退能得未来，现在千万亿不可思议功德。\r\n[07:32.52]佛慈菩提，若未来世诸众生等，或梦或寐，见诸鬼神乃及诸形，或悲或啼，或愁，或叹，或恐或怖，此结识一生十生百生千生过去父母，男女弟妹夫。\r\n[07:53.66]夫妻眷属，在于恶趣味得出离，无处希望福力救拔，当告诉是顾肉始作方便，愿离恶道。\r\n[08:06.30]普广如以神力遣是眷属令对诸佛菩萨像前志心自读此经或请人读其数三遍或七遍，如是恶道圈属今生必是变数，当得解脱。\r\n[08:24.54]之梦寐之中，永不复见。\r\n[08:29.42]父慈菩萨，若未来世有诸下贱等人或奴或婢，乃至诸不自由之人，觉知宿业，要忏悔者至心瞻礼地藏菩萨形象乃至一七日中念菩萨名可满万遍。\r\n[08:49.72]如此等人尽此报后千万生中长生尊贵，更不经三恶道苦。\r\n[08:58.98]复次普广若未来世中炎复体内刹利婆罗门，长者居士，一切人等，及异性种族，有新产者，或男或女，七日之中，早与读诵此不可思议经典更为念菩萨名可满万遍。\r\n[09:21.98]是新生子或男或女宿有殃报便得解脱，安乐易养，寿命增长。\r\n[09:32.10]若是承福生者转增，安乐给予寿命。\r\n[09:37.98]复次普广若未来世众生，于月一日，八日，14日，15日，18日，23日，24日，28日，29日，乃至30日。\r\n[09:53.24]猪猪日等诸罪结集，定其轻重难言问题，众生，举止动念无不是业无不是罪，何况恣情杀害，盗窃，邪淫，妄语百千罪状能于是十斋日对佛菩萨诸贤圣像前读是经一遍东西南北百由旬内无诸灾难。\r\n[10:20.84]当此居家若长若幼，现在未来百千岁中，永离恶趣，能于十斋日每转一遍，现世令此居家无诸横病，衣食丰溢。\r\n[10:36.54]事故谱广当知地藏菩萨有如是等不可说，百千万亿大威神力利益知识延佛众生，与此大事有大因缘。\r\n[10:50.78]是诸众生闻菩萨名，见菩萨像乃至闻是经三字五字或一句一，记者现在殊妙安乐，未来知识百千万声，常德端正生尊贵家。\r\n[11:11.04]尔时普广菩萨闻佛如来称扬赞叹，地藏菩萨以胡桂河长复白佛言。\r\n[11:20.62]世尊我久知事大事有如此不可思议神力及大事愿力为未来众生遣知利益，故问如来，唯然顶受。\r\n[11:35.10]世尊当何名？此经使我云和刘步佛告普广，此经有三名啊！\r\n[11:45.68]一名地藏本愿，亦名地藏本行，亦名地藏本誓力经，缘此菩萨，久远劫来，发大重愿，利益众生。\r\n[11:59.68]事故如等医院留不？\r\n[12:04.34]蒲广文一合掌恭敬作礼而退。', 'voices/dizang-6.mp3', '');
INSERT INTO `article_article` VALUES ('11', '【地藏经】利益存亡品第七', null, 'scripture', '2020-08-26 11:45:11.401022', '0', '[00:01.94]嗯嗯嗯嗯嗯嗯嗯嗯。\r\n[00:08.51]当然了，嗯，预存亡品第七。\r\n[00:19.56]尔时地藏菩萨摩诃萨白佛言。\r\n[00:24.74]世尊，我观是阎浮众生，举心动念，无非是罪拖或善利多退初心若遇恶缘，念念增益。\r\n[00:38.12]是等辈人如履泥涂覆于中实践困境中足补深邃，若得遇知识，t与减负或全与负是知识有大力，故复相扶助劝令牢脚。\r\n[00:55.16]若达平地车上恶露无再经历。\r\n[01:00.48]世遵其恶众生，从纤毫间，便至无量，是诸众生有如此习，临命终时，父母眷属疑为舍弗以资前路，或悬幡盖及燃油灯，或转读尊经，或供养佛像及诸圣像。\r\n[01:21.74]乃至念佛菩萨及辟支佛名字，一名一号武林中人耳根，或闻在本识是诸众生所造恶业极其肝火，必堕恶趣缘是眷属为临终人修此圣因如是重罪悉皆消灭。\r\n[01:43.70]若能更为身死之后，七七日内，广造众善能使是诸众生永离恶趣，得生人天受胜妙乐，现在眷属，利益无量。\r\n[01:59.36]事故沃金对佛世尊及天龙八部人，非人等劝于阎浮提众生临终之日，慎勿杀害及造恶业，拜祭鬼神求诸魍魉。\r\n[02:15.02]何以故而作杀害乃至拜祭无仙毫之力，利益亡人，但结罪缘转增深重。\r\n[02:26.20]驾驶来世或现在生得获圣分生人天中，原始林中被诸眷属，造是恶因亦令是命终人殃累对辩晚生善处，嗯。\r\n[02:40.70]何况临命终人在生未曾有少善根，各据本业自受恶趣，何人眷属更为增业。\r\n[02:51.74]譬如有人从远地来绝粮三日所负担物强过白金虎玉林人更附少物以四肢骨转复困重。\r\n[03:04.82]世尊，我观阎浮众生，但能于诸佛教中乃至善事一毛一滴一滴一沉，如是利益希捷自得说事与时会中有一长者名曰大辩。\r\n[03:22.94]是长者就正无声化度十方现长者身合掌恭敬问地藏菩萨言。\r\n[03:33.12]大师是南阎浮提众生，命终之后，小大眷属，为修功德，乃至设斋造众善因是命终人得大利益及解脱否。\r\n[03:49.18]地藏答言长者，我今为未来现在一切众生，乘佛威力略说是事。\r\n[04:00.14]长者未来现在诸众生等临命终日德文义佛名一菩萨，名曰辟支佛名不问有罪无罪，需得解脱。\r\n[04:14.16]若有男子女人在生不修善因，多造重罪，命终之后，眷属小大为造福利一切圣世七分之中而乃获一。\r\n[04:27.36]六分功德，生者自利。\r\n[04:30.86]一事之古未来，现在善男女等文健自修，分分己获。\r\n[04:38.50]无常大鬼不期而到冥冥游神未知罪福，七七日内，如痴如聋，或在诸司，辩论业果，审定之后，距离携手生未测之间，千万愁苦。\r\n[04:56.12]何况对于诸恶趣等。\r\n[04:59.66]使命中人为得瘦身，在七七日内，念念之间，望诸骨肉眷属，与造福力救拔过，是日后随意野兽鲍。\r\n[05:13.60]若是罪人洞经千百岁中，无解脱日，若是五无间罪，堕大地狱前千劫万劫，永受众苦。\r\n[05:27.08]复次长者如是罪业众生，命终之后，眷属骨肉，为修营斋自助渠道为侧蚀剂及营斋之赐米泔菜叶不弃于地乃至诸食未献佛僧获得仙石，如有违食及不精勤使命中人了不得利，如今，勤护净奉献，佛僧是命中人欺负。\r\n[05:56.74]分获一。\r\n[05:58.84]事故长者延佛众生若能为其父母乃至眷属，命中之后设斋供养自己辛勤垦如是之人存亡获利。\r\n[06:13.84]说事与实到立天公有千万亿娜由它延佛鬼神，悉发无量菩提之心，大辩长者作礼而退。\r\n[06:28.52]嗯哦哦哦哦哦哦哦哦哦。\r\n[06:47.08]嗯。\r\n[06:52.24]嗯。', 'voices/dizang-7.mp3', '');
INSERT INTO `article_article` VALUES ('12', '【地藏经】阎罗王众赞叹品第八', null, 'scripture', '2020-08-26 11:45:24.824166', '0', '[00:08.36]嗯嗯，阎罗王众赞叹品第八。\r\n[00:19.12]而使铁围山内有无量鬼王与阎罗天子？据一到里来到佛所。\r\n[00:28.24]所谓恶毒鬼王多恶鬼王大战鬼王，白虎鬼王，血虎鬼王赤虎鬼王散殃鬼王飞身鬼王电光鬼王狼牙鬼王。\r\n[00:42.84]烟鬼王，但受鬼王副食鬼王主号鬼王主命鬼王主食鬼王主财鬼王主命鬼王主禽鬼王主兽鬼王主魅鬼王主产鬼王主命鬼王，主疾鬼王诛仙鬼王三墓鬼王岁暮鬼王武墓鬼王奇力尸王大其里师王琦里插王。\r\n[01:10.46]大力插王阿罗扎王伽阿挪吒王如是等大鬼王各各与百千诸小鬼王劲驹沿菩提各有所职，各有所属，是诸鬼王与阎罗天子乘佛威神及地藏菩萨摩诃萨例句一以刀立在一面立。\r\n[01:36.24]20阎罗天子湖鬼合掌白佛言世尊，我等今者与诸鬼王成佛，韦神及地藏菩萨摩诃萨利方德义祠到立大会意识，我等或单力孤。\r\n[01:53.00]我今有小一事，敢问世尊唯愿世尊慈悲宣说。\r\n[02:00.22]佛告阎罗天子。\r\n[02:02.70]自如所谓无为如说。\r\n[02:07.26]是时阎罗天子瞻礼世尊及回是地藏菩萨而白佛言。\r\n[02:14.96]至尊，我观地藏菩萨在六道中百千方便而度罪苦众生不辞疲倦是大菩萨有如是不可思议神通之时，然诸众生获脱罪报未久之间又堕恶道至尊。\r\n[02:35.14]是地藏菩萨，既有如是不可思议，审理云何众生，而不依止善道，由此解脱，唯愿世尊，为我解说。\r\n[02:48.26]佛告阎罗天子南阎浮提众生，其性刚强，难调难伏，是大菩萨，于百千劫，头头救拔，如是众生，早令解脱。\r\n[03:02.72]是最暴人，乃至堕大恶趣，菩萨以方便力，拔出根本业缘，而遣悟宿世之事自是阎浮提众生结恶习重，旋出旋入，劳斯菩萨，久经劫数，而作度脱。\r\n[03:22.16]譬如有人迷失本家误入险道其险道中，多株叶插及虎狼狮子园蛇蝮蝎。\r\n[03:33.12]如是迷人在线到中须臾之间及糟猪肚有一支是多少大树单进侍读乃藉夜叉诸恶毒等忽逢迷人，欲进险道而语之言，咄哉男子。\r\n[03:52.52]为何事故而入此路有何异术能治诸毒。\r\n[03:58.90]是迷路人忽闻是语，方知险道，即便退步求出此路是善知识，提一些接手引出险道眼珠，恶毒至于好到宁德安乐。\r\n[04:14.84]而语之言。\r\n[04:17.24]咄哉迷人资金，以后物理知道此路入者卒难得出复损性命是迷路人一生感动。\r\n[04:29.76]临别之时，知识又言，若见亲知及诸路人，若男若女，言于此路都猪肚饿丧失性命，无论是中自取其死嗯。\r\n[04:44.82]事故地藏菩萨具大慈悲救拔罪苦众生生人天中令受妙乐。\r\n[04:53.58]是猪最重之夜到苦，脱得出离，永不再例如迷路人误入险道与善知识引接令出永不复入逢见他人妇券没入。\r\n[05:08.70]自然应是弥故得解脱，竟更不复入。\r\n[05:13.88]落在吕见犹尚迷误不觉旧曾所落险道或者生命，如果饿去地藏菩萨方便力故使令解脱生人天中旋又再入，若叶节中永处地狱，无解脱时20恶毒鬼王合掌恭敬白佛言。\r\n[05:40.36]史尊，我等诸鬼王，其数无量，在严辅题或利益人或损害人个个不同然是猎豹，使我眷属，游行世界多恶少善。\r\n[05:55.60]过人家庭或城邑聚落庄园房舍，或有男子女人修毛发善事乃至悬一翻一盖少乡少花供养佛像及菩萨或或转读尊经，烧香供养一句一偈，我等鬼王敬礼，世人如过去现在未来诸佛。\r\n[06:21.44]敕诸小鬼各有大力及土地分辨率为戏不令恶事横事，恶病，甚至不如意事尽于此设等处，何况入门？\r\n[06:36.58]佛战鬼王。\r\n[06:38.94]善哉善哉，如等机遇阎罗能如实拥护善男女等五一告饭王的是另外护乳。\r\n[06:50.22]说是语时，会中有一鬼王，名曰主命白佛言世尊，我本业缘主阎浮人命生死40我接主持在我本愿甚欲利益，自是众生不会我意志定生死俱不得安何以故？\r\n[07:14.46]释延佛提人初生之时，不问男女或欲生时，但做善事，增益宅舍自令土地无量欢喜拥护，子母得大安乐，利益眷属。\r\n[07:29.62]或已生下怪物杀害取诸鲜味，供给产母及广聚眷属，饮酒食肉，歌乐弦管能令子母不得安乐合影，故事差难时有无数恶鬼及魍魉精美玉石心血？\r\n[07:50.16]是我早另涉宅土地，令其和护子母使令安乐而得利益。\r\n[07:57.78]如是之人见安乐故卞和社服达州土地范围伤害，聚集眷属，异世之古范鞅自受子母俱损。\r\n[08:12.18]又言夫提临命终人不问善恶，我欲令是命终之人不落恶道，何况自修，善根增我力故。\r\n[08:23.30]释延佛提行善之人，临命终时亦有百千恶道鬼神或变作父母乃至诸眷属，应接亡人令落到何况本造恶者。\r\n[08:39.38]史尊儒释延佛提男子女人临命终时，神识昏昧不辨，善恶乃至眼耳更无见闻是诸眷属，当须设大供养，转读尊经，念佛菩萨名号如是善缘，能令亡者离诸恶道。\r\n[09:01.20]诸魔鬼神，悉皆退散。\r\n[09:05.46]史尊一切众生，临命终时，若得闻一佛名一菩萨名或大乘经典一句一句我观如是辈人，除五无间杀害之罪，小小恶业堕堕恶趣者，寻即解脱。\r\n[09:25.90]佛告主命鬼王如大慈故能发如是大愿与生死中护诸众生，若未来世中，有男子女人置生死时如没退，是苑总令解脱，永德安勒。\r\n[09:44.86]鬼王白佛言愿不有虑，我必须行念念拥护阎浮众生生死死狙得安乐，但愿诸众生于生死时信受我语无不解脱或大利益。\r\n[10:03.16]20佛告地藏菩萨是大鬼王，主命者已曾经百千生作大鬼王于生死中拥护众生。\r\n[10:14.76]是大师慈悲愿故无现大鬼身谁非鬼也却后过170劫，当得成佛，号曰无相如来杰明安乐世界名建筑，其佛寿命不可计劫。\r\n[10:34.06]地藏四大鬼王其事如是不可思议，所度人天亦不可限量。', 'voices/dizang-8.mp3', '');
INSERT INTO `article_article` VALUES ('13', '【地藏经】称佛名号品第九', null, 'scripture', '2020-08-26 11:45:33.767148', '0', '[00:13.10]称佛名号品第九尔时，地藏菩萨摩诃萨白佛言。\r\n[00:22.44]世尊，我今为未来众生演利益事与生死中，得大利益，唯愿世尊听我说之。\r\n[00:33.70]佛告地藏菩萨入京玉兴，慈悲救拔一切罪苦六道众生，演不思议事经证事实为张素说。\r\n[00:47.14]无极涅盘石汝早毕是愿吾亦无忧，现在，未来一切众生。\r\n[00:56.56]地藏菩萨白佛言世尊过去无量阿僧祗劫，有佛出世，号无边身如来若有男子女人，闻是佛名，战胜宫颈即得超越40劫生死重罪，何况塑画形象供养赞叹。\r\n[01:18.50]其人获福无量无边，又于过去，恒河沙劫，有佛出世，好饱性如来。\r\n[01:28.42]若有男子女人，闻是佛名一弹指情发行皈依是人于无上道永不退转。\r\n[01:39.36]又于过去有佛出世好波头摩胜如来若有男子女人，闻是佛名利于耳根，是人当得千返生于六欲天中。\r\n[01:52.72]何况志心称念。\r\n[01:56.26]由于过去不可说不可说阿僧祗劫，有佛出世，好狮子吼如来若有男子女人，闻是佛名，以免皈依，是人得遇无量诸佛摩顶授记。\r\n[02:13.26]又于过去有佛出世，号拘留孙佛若有男子女人，闻是佛名，至今瞻礼或复赞叹。\r\n[02:24.36]人与贤劫千佛会中为大梵王得授上记。\r\n[02:31.56]又于过去有佛出世，好毗婆尸佛若有男子女人，闻是佛名，永不堕恶道长生人天受胜妙乐。\r\n[02:44.54]又于过去无量无数恒河沙劫，有佛出世，好宝胜如来若有男子女人，闻是佛名，毕竟不堕恶道，常在天上，受胜妙乐。\r\n[03:00.50]又于过去有佛出世，好爆相如来若有男子女人，闻是佛名生恭敬心是人不久得阿罗汉果。\r\n[03:12.74]又于过去无量阿僧祗劫，有佛出世，好家纺床如来若有男子女人，闻是佛名者，超100大劫生死之罪又于过去有佛出世，号大通山王如来。\r\n[03:32.08]若有男子女人，闻是佛名者是人得遇恒河沙佛广为说法，必成菩提，嗯。\r\n[03:41.86]又于过去有净月佛山王佛智胜佛敬明王佛智成就佛无上佛庙参佛满月佛说灭佛。\r\n[03:55.04]有如是等不可说佛。\r\n[03:59.00]史尊现在未来一切众生，若天若人，若男若女，但念得一佛名号，功德无量，何况多名。\r\n[04:11.96]示众生等生时死时自得大力终不堕恶道若有临命终人家中眷属，乃至一人，为是病人，高声念一佛名。\r\n[04:25.96]至命终人，除五无罪，余业报等悉得消灭。\r\n[04:32.82]事物无间罪虽至极重动经亿劫了不得出陈子林命中时，他人为其称念佛名，于是最终意见浇灭，何况众生自称自念或佛无量，灭无量罪。\r\n[05:02.42]嗯。', 'voices/dizang-9.mp3', '');
INSERT INTO `article_article` VALUES ('14', '【地藏经】地神护法品第十一', null, 'scripture', '2020-08-26 11:45:46.880552', '0', '[00:01.94]嗯嗯嗯嗯嗯嗯嗯。\r\n[00:08.11]东南。\r\n[00:13.30]地神护法品第11尔时坚牢地神白佛言至尊，我从昔来瞻视顶礼无量菩萨摩诃萨皆是大不可思议神通智慧广度众生。\r\n[00:33.30]是地藏菩萨摩诃萨于诸菩萨，誓愿深重是尊是地藏菩萨于阎浮提有大因缘。\r\n[00:44.10]如文殊普贤，观音弥勒一化百千身形度于六道，其愿尚有毕竟。\r\n[00:54.08]是地藏菩萨教化六道一切众生所发誓愿结束如千百亿恒河沙。\r\n[01:03.28]至尊国观未来，及现在众生于所住处与南方清洁之地，以土石竹木，作其龛室，是中能塑画，乃至金银铜铁，作地藏形象，烧香供养，瞻礼赞叹。\r\n[01:24.50]是人居处，即得十种利益。\r\n[01:28.76]何等为十。\r\n[01:31.10]一则土地丰壤，二者家宅永安，三者先亡生天，或者现存益寿武者所求遂意六折，无水火灾。\r\n[01:49.68]七者车好屁除疤者杜绝噩梦九者出入神护使者多遇圣因。\r\n[02:03.36]史尊未来世中及现在众生，若能与佐助处方面作如是供养得如是利益。\r\n[02:14.24]复白佛言世尊未来世中，若有善男子善女人于所住处，有此经典，及菩萨像是人更能转读经典，供养菩萨。\r\n[02:29.26]我常日夜以本神力为护士人乃至水火盗贼大亨小亨，一切恶事，悉皆消灭，佛告坚牢地神入大神里，诸神少及何以故？\r\n[02:48.12]盐府土地，西蒙入户，乃至草木沙石到麻竹尾谷米宝贝从地而有阶，一努力又长城阳地藏菩萨利益之事，汝之功德及以神通百千倍于常分地神。\r\n[03:09.96]若未来世中，有善男子善女人供养菩萨及转读是经，但依地藏本愿经一事，修行者如以本神力而拥护之，勿令一切灾害及不如意事，辄闻于耳，何况令受哦。\r\n[03:31.96]非但汝独护是人，故亦有示范卷属诸天眷属，拥护是人。\r\n[03:39.74]何故得如是圣贤，拥护皆由瞻礼地藏形象及转读是本愿经故自然，毕竟出离苦海证涅盘乐。\r\n[03:53.66]一世之鼓得大拥护。', 'voices/dizang-11.mp3', '');
INSERT INTO `article_article` VALUES ('15', '【地藏经】见闻利益品第十二', null, 'scripture', '2020-08-26 11:46:00.008390', '0', '[00:01.94]嗯嗯嗯嗯嗯嗯嗯。\r\n[00:08.49]东南见闻利益品第12，20世尊从顶门上放百千万亿大毫相光，所谓百好像光大百好像光瑞好像光大睿好像光玉好像光大雨好像光。\r\n[00:33.50]好像光大仔好想亲亲，好想光大清好像关闭好像光大b好像光红好想光大红好想光率好像光大率好像光大率好像光大率好像光大率好像光大绿好想光大绿好想光大绿绿绿绿绿绿绿绿绿绿绿绿绿，阳光金毫相光大金好像光庆云好像光大庆云好像光谦论好光大前轮好光宝论好光大保存好光论膀胱大日轮毫。\r\n[01:03.62]光岳伦好光大岳伦好光宫殿毫光大宫殿，毫光海云好光大海云毫光于顶门上放，如是等毫相光已出微妙音告诸大众，天龙八部人非人等。\r\n[01:26.00]听吾今日于到丽天工程阳赞叹地藏菩萨于人天中利益等事不思议是超圣因使证实地势毕竟不退阿耨多罗三藐三菩提是？\r\n[01:44.76]说事与时会中有一菩萨摩合萨敏观世音从左而且胡跪合掌白佛言。\r\n[01:55.42]世尊是地藏菩萨摩诃萨俱大慈悲怜愍罪苦众生于千万亿世界化千万亿身，所有功德及不思议威神之力，我们世尊与十方无量诸佛一口同音，赞叹地藏菩萨云。\r\n[02:18.54]正式过去现在未来诸佛说起功德有不能进，向着又蒙世尊普告大众嗯。\r\n[02:29.62]称扬地藏利益等式微院士尊为现在未来一切众生，称扬地藏不吱一声，令天龙八部占里祸福。\r\n[02:45.00]佛告观世音菩萨如意娑婆世界有大因缘，若天若龙若男若女若神若鬼，乃至六道罪苦众生，温儒敏者见如行者恋慕汝者赞叹汝者，是诸众生于无上道必不退转。\r\n[03:07.84]常生人天巨兽缪勒因果，江苏玉佛授记。\r\n[03:14.82]入金钜大慈悲，怜悯众生及天龙八部听吾宣说地藏菩萨不思议利益之事入当地听污污污，如今说之。\r\n[03:30.60]观世音言，唯然世尊，愿乐欲闻。\r\n[03:36.76]佛告观世音菩萨，未来现在诸世界中有天人受天福尽有五衰相现或有堕于恶道之者如是天人，若男若女裆现象时，或见地藏菩萨形象或闻地藏菩萨名一占一里是诸天人转增天福受大快乐。\r\n[04:05.38]永不堕三恶道报，何况见闻菩萨以诸香花，衣服，饮食宝贝璎珞布施供养。\r\n[04:17.57]所获功德福利无量无边。\r\n[04:23.10]复次观世音，若未来，现在诸世界中，六道众生，临命终时，得闻地藏菩萨名，一声利耳根者，是诸众生，永不历三恶道苦，何况临命终时，父母眷属将是命终人舍宅财物，宝贝衣服速化地脏器形象。\r\n[04:49.88]或使病人未终之时，眼见耳闻，知道眷属将舍宅宝贝等为其自身塑画地藏菩萨形象是人若是业报合受重病者沉思，功德巡及处于寿命增益。\r\n[05:10.54]是人若是业报命尽应有一切罪障业障合堕恶趣者橙子功德命中之后即生人天受胜妙乐。\r\n[05:23.16]一切罪障悉皆消灭。\r\n[05:27.22]复次观世音菩萨，若未来世有男子女人或哺乳时或三岁五岁十岁十岁以下，王石父母乃及亡失兄弟姐妹是人年既长大see父母及诸眷属，不知落在何趣生何世界生何天中，是人若能塑化地藏菩萨形象。\r\n[05:55.44]乃至文明一占一里一日至七日没退出新文明践行瞻礼供养是人眷属，假阴液故多恶趣者，即当结束。\r\n[06:11.16]橙子男女兄弟姊妹塑画地藏形象，瞻礼功德，寻即解脱，省人天中受胜妙乐。\r\n[06:22.40]是人眷属如有福利与生人天受胜妙乐者即成思功德转增圣因受无量乐，嗯。\r\n[06:32.52]是人更能三七日中，一心瞻礼地藏形项燕其名字满于万遍，当得菩萨现无边身，具告是人眷属生界，或于梦中菩萨现大神力。\r\n[06:49.52]心灵是人与猪，世界见诸眷属。\r\n[06:54.44]更能每日念菩萨名千遍，至于千日是人当得菩萨遣所在土地鬼神终身维护现实，一是风雨无诸疾苦。\r\n[07:08.98]乃至横式哺乳，奇门何况及身是人，毕竟得菩萨摩顶授记。\r\n[07:19.28]父慈观世音菩萨，若未来世，有善男子善女人，欲发广大慈心救度一切众生者欲修无上菩提者欲出离三界者。\r\n[07:34.94]是诸人等见地藏形象及文明者至心皈依获益，香花，衣服，宝贝饮食供养，瞻礼。\r\n[07:47.90]善男女等所愿速成，永无障碍。\r\n[07:53.68]复次观世音，若未来世，有善男子善女人，欲求现在未来百千万亿等愿，百千万亿等事，但当归依瞻礼，供养，赞叹地藏菩萨形象。\r\n[08:10.20]如是所愿所求，悉皆成就，佛愿地藏菩萨具大慈悲用用户，我是人于睡梦中，即得菩萨摩顶授手机。\r\n[08:25.58]复次观世音菩萨，若未来是善男子善女人于大乘经典，深深珍重，发不思议心阅读育宋宋玉名师教室令属宣德玄妄动经年月，不能读诵，是善男子等有宿业障，未得消除。\r\n[08:50.98]故于大乘经典无读诵性如是之人，闻地藏菩萨名减地藏菩萨像，具以本心恭敬陈白，更以香华，衣服饮食，一切玩具，供养菩萨。\r\n[09:09.94]以净水一盏，经一日一夜，安菩萨前，然后合掌请服，回首向南，临入口时，至心郑重储水既毕，慎悟心酒肉，邪淫，妄语及诸杀害。\r\n[09:29.74]一七日或三七日，是善男子善女人于睡梦中，距见地藏菩萨现无边身，于是人处受灌顶水。\r\n[09:43.00]其人梦觉，即获聪明，应是经典，伊利耳根及当永济更不忘失一句一偈。\r\n[09:55.08]复次观世音菩萨说，未来是有诸人等，衣食不足，球者，官员或多疾病或多凶衰，家宅不安，眷属分散，或诸横事，多来忤身，睡梦之间，多有惊怖。\r\n[10:14.80]如是人等，闻地藏名，见地藏形质行，恭敬念满万遍，是诸不如意事，渐渐消灭，即得安乐，一时风一乃至于睡梦中悉皆安乐。\r\n[10:34.02]复次观世音菩萨，若未来世，有善男子善女人，或因事生或因公司或因生死，或因急事入山林中过渡河海乃及大水或经险道是人先当念地藏菩萨名万遍所过土地鬼神卫护。\r\n[10:58.28]行住坐卧，永保安乐乃至逢于虎狼师子，一切毒害不能损失。\r\n[11:08.14]佛告观世音菩萨是地藏菩萨于阎浮提有大因缘，若说于诸众生见闻利益等事，百千劫中说不能尽。\r\n[11:22.66]事故观世音如以神力流布使劲令娑婆世界众生百千万劫，永受安乐。\r\n[11:32.96]而时世尊而说偈言无观地藏威神力，恒河沙劫说难尽。\r\n[11:43.52]见闻瞻礼一念间，利益人天无量事，若男若女若龙神报应，应当堕恶道至心归依大士身寿命转增除罪障。\r\n[12:02.06]少食父母恩爱者，未知魂神在何趣，兄弟姊妹及诸亲生长以来皆不识货，送货大事深悲恋瞻礼不暂舍。\r\n[12:18.98]三七日中念其名菩萨当现无边体是其眷属所生界，纵堕恶趣寻出离，若能不退是初心，激活摩顶受圣济，欲求无上菩提者乃至处理三界苦。\r\n[12:41.66]世人既发大悲心，先当瞻礼大事项，一切诸愿速成就，永无业障能遮止，有人发心念经典，欲度群迷超彼岸。\r\n[12:59.66]孙俪是愿不思议，旋读旋忘多废失斯人，有业障惑，故于大乘经不能记。\r\n[13:10.42]供养地藏以香华，衣服饮食诸玩具，以净水安大士前一日一夜求服之法音重心，慎五辛酒肉，邪淫及妄语散文。\r\n[13:27.62]其日内勿杀害至心思念大士名，即于梦中见无边柜来便得利耳根应是经教历耳闻枪千万生中永不忘，乙是大事，不足以能使斯人获此慧。\r\n[13:50.72]贫穷众生及疾病，家宅凶衰眷属离睡梦之中悉不安，求者乖违无称遂。\r\n[14:02.08]至心瞻礼地藏像，一切恶事皆消灭，至于梦中尽得安，衣食丰饶，神鬼护。\r\n[14:13.84]欲入山林及渡海毒恶禽兽及恶人恶神恶鬼并恶风，一切诸难诸苦恼，但当瞻礼及供养地藏菩萨大事项。\r\n[14:30.08]如是山林大海中应是诸恶皆消灭。\r\n[14:36.58]观音至今听吾说地藏无尽不思议百千万劫，说不周广宣大士如是力嗯。\r\n[14:49.42]地藏名字人若闻乃至见像瞻礼者香花，衣服，饮食奉供养百千受妙乐。\r\n[15:01.00]若能以此回法界，毕竟成佛超生死。\r\n[15:07.36]事故观音汝当知普告，恒沙诸国土。', 'voices/dizang-12.mp3', '');
INSERT INTO `article_article` VALUES ('16', '【地藏经】嘱累人天品第十三', null, 'scripture', '2020-08-26 11:46:09.491019', '0', '[00:01.78]嗯。\r\n[00:08.36]嗯，筑垒人天品第十三二十世尊举金色臂有摩地藏菩萨摩萨顶而作是言。\r\n[00:26.10]地藏地藏入之神力不可思议，汝之慈悲，不可思议，汝之智慧，不可思议，汝之辩才不可思议。\r\n[00:37.26]正是十方诸佛赞叹，宣说汝之不思议事千万劫终不能得尽地藏地藏既吾今日在忉利天中于百千万亿不可说不可说，一切诸佛菩萨天龙八部大会之中嗯。\r\n[00:56.80]在以人天诸众生等未出三界在火宅中者副主任茹无令是诸众生堕恶趣中一日一夜，何况更落五无间及阿鼻地狱动经千万亿劫无有出期。\r\n[01:16.32]地藏是南阎浮提众生自性无定，邪恶者多众发善心，须臾即退，若遇恶缘，念念增长。\r\n[01:28.34]一是指鼓舞分事行百千亿化度，随其根性而度脱之。\r\n[01:36.64]地藏吴京因秦倚天人种副主任汝未来之时，若有天人及善男子善女人，与佛法中种少善根，一毛一尘一沙一滴如以倒立，拥护士人渐修无上，勿令退失。\r\n[01:59.06]父慈地藏未来世中，若天若人随业报应落在恶趣林驮去钟或至门首，是诸众生，若能念得一佛名，一菩萨名，一句一偈大乘经典。\r\n[02:15.54]是诸众生如蚁，神力方便就把于世人所现无边身为碎地狱，遣令生天受胜妙乐。\r\n[02:27.62]20世尊而说偈言。\r\n[02:31.26]现在未来天人众物经殷勤咐嘱汝以大神通方便度勿令堕在诸恶趣尔时，地藏菩萨摩诃萨胡跪合掌白佛言世尊唯愿世尊，不以为虑。\r\n[02:53.20]未来世中，若有善男子，善女人，与佛法中一念恭敬我一百千方便，度脱是人于生死中速得解脱也行。\r\n[03:05.78]何况闻诸善事，念念修行自然于无上道永不退转。\r\n[03:14.42]说是与十会中有一菩萨名虚空藏白佛言世尊，我自治到李闻于如来赞叹，地藏菩萨威神之力不可思议，未来世中，若有善男子善女人，乃即一切天龙蚊子经典及地藏名字。\r\n[03:36.64]或瞻礼形像得几种福利？唯愿世尊为未来，现在一切众等略而说之。\r\n[03:47.86]佛告虚空藏菩萨，谛听谛听吾当为汝分别说之。\r\n[03:56.22]若未来世，有善男子善女人，见地藏形象及闻此经，乃至读诵相花饮食，衣服珍宝，布施供养，赞叹瞻礼，得28种利益。\r\n[04:12.82]一者天龙护念，二者善果日增，三者集圣上因四者菩提不退，五者衣食丰足，六者疾疫布林。\r\n[04:31.16]七者离水火灾，八者无盗贼厄九者人见钦敬食者神鬼助持，嗯。\r\n[04:44.40]11者女转男生12者为王，臣女13者端正相好嗯。\r\n[04:54.82]14者多生天上15者或为帝王16者宿智命通17者有求皆从石。\r\n[05:08.06]八者眷属，欢乐19者诸横消灭20者，一夜到永远。\r\n[05:18.46]21者去处尽通，22者夜梦安乐23者天王李苦。\r\n[05:29.38]24者宿福受生25者诸圣赞叹26者聪明利根。\r\n[05:40.10]27者饶慈愍心28者，毕竟成佛。\r\n[05:48.78]复次虚空藏菩萨若现在未来天龙鬼神闻地藏民李地藏形或文帝藏本愿事行赞叹瞻礼，得七种利益。\r\n[06:04.78]医者速超圣地二者恶业消灭三者诸佛护临四者菩提不退，舞者增长本力六折，宿命皆通，七者毕竟成佛。\r\n[06:23.12]尔时十方一切诸来不可说不可说诸佛如来来及大菩萨天龙八部闻释迦牟尼佛称扬赞叹的藏菩萨大威神力不可思议，叹未曾有。\r\n[06:42.20]事实到丽天与无量鲜花天衣珠璎供养释迦牟尼佛及地藏菩萨已一切众汇聚付占礼合掌而退。\r\n[06:59.64]回向偈。\r\n[07:02.40]愿以此功德庄严佛净土上报四重恩，下济三途苦。\r\n[07:13.46]若有见闻者，悉发菩提心，尽此一报身，同生极乐国。\r\n[07:27.08]嗯嗯啊啊啊啊啊啊！\r\n[07:36.30]哦。\r\n[07:41.60]哦。\r\n[07:42.80]不是。\r\n[07:50.72]嗯。', 'voices/dizang-13.mp3', '');

-- ----------------------------
-- Table structure for article_category
-- ----------------------------
DROP TABLE IF EXISTS `article_category`;
CREATE TABLE `article_category` (
  `id` int(11) NOT NULL AUTO_INCREMENT,
  `name` varchar(100) NOT NULL,
  `c_time` datetime(6) NOT NULL,
  PRIMARY KEY (`id`)
) ENGINE=InnoDB DEFAULT CHARSET=utf8;

-- ----------------------------
-- Records of article_category
-- ----------------------------

-- ----------------------------
-- Table structure for article_daynumber
-- ----------------------------
DROP TABLE IF EXISTS `article_daynumber`;
CREATE TABLE `article_daynumber` (
  `id` int(11) NOT NULL AUTO_INCREMENT,
  `day` date NOT NULL,
  `count` int(11) NOT NULL,
  PRIMARY KEY (`id`)
) ENGINE=InnoDB AUTO_INCREMENT=7 DEFAULT CHARSET=utf8;

-- ----------------------------
-- Records of article_daynumber
-- ----------------------------
INSERT INTO `article_daynumber` VALUES ('1', '2020-08-23', '83');
INSERT INTO `article_daynumber` VALUES ('2', '2020-08-24', '15');
INSERT INTO `article_daynumber` VALUES ('3', '2020-08-25', '17');
INSERT INTO `article_daynumber` VALUES ('4', '2020-08-26', '40');
INSERT INTO `article_daynumber` VALUES ('5', '2020-08-27', '50');
INSERT INTO `article_daynumber` VALUES ('6', '2020-08-28', '18');

-- ----------------------------
-- Table structure for article_meritto
-- ----------------------------
DROP TABLE IF EXISTS `article_meritto`;
CREATE TABLE `article_meritto` (
  `id` int(11) NOT NULL AUTO_INCREMENT,
  `name` varchar(20) NOT NULL,
  `age` int(11) NOT NULL,
  `content` longtext NOT NULL,
  `user_id` int(11) NOT NULL,
  `c_time` datetime(6) NOT NULL,
  PRIMARY KEY (`id`),
  KEY `article_meritto_user_id_e774fbeb_fk_auth_user_id` (`user_id`),
  CONSTRAINT `article_meritto_user_id_e774fbeb_fk_auth_user_id` FOREIGN KEY (`user_id`) REFERENCES `auth_user` (`id`)
) ENGINE=InnoDB AUTO_INCREMENT=5 DEFAULT CHARSET=utf8;

-- ----------------------------
-- Records of article_meritto
-- ----------------------------
INSERT INTO `article_meritto` VALUES ('2', '董建军', '35', '祝愿世界和平，远离战争。', '1', '2020-08-25 23:38:21.713186');
INSERT INTO `article_meritto` VALUES ('3', 'd', '3', 'eeeeeeeeeeeeeeeeeeeeeee', '2', '2020-08-25 23:53:32.000000');
INSERT INTO `article_meritto` VALUES ('4', 'dfdf', '11', 'dfdf', '1', '2020-08-25 23:55:15.438934');

-- ----------------------------
-- Table structure for article_user_relationship
-- ----------------------------
DROP TABLE IF EXISTS `article_user_relationship`;
CREATE TABLE `article_user_relationship` (
  `id` int(11) NOT NULL AUTO_INCREMENT,
  `support` int(11) DEFAULT NULL,
  `comment` longtext,
  `c_time` datetime(6) NOT NULL,
  `collect` tinyint(1) NOT NULL,
  `article_id` int(11) NOT NULL,
  `user_id` int(11) NOT NULL,
  `blog_times` int(11),
  PRIMARY KEY (`id`),
  KEY `article_user_relatio_article_id_96d7dec4_fk_article_a` (`article_id`),
  KEY `article_user_relationship_user_id_c8f75388_fk_auth_user_id` (`user_id`),
  CONSTRAINT `article_user_relatio_article_id_96d7dec4_fk_article_a` FOREIGN KEY (`article_id`) REFERENCES `article_article` (`id`),
  CONSTRAINT `article_user_relationship_user_id_c8f75388_fk_auth_user_id` FOREIGN KEY (`user_id`) REFERENCES `auth_user` (`id`)
) ENGINE=InnoDB AUTO_INCREMENT=4 DEFAULT CHARSET=utf8;

-- ----------------------------
-- Records of article_user_relationship
-- ----------------------------
INSERT INTO `article_user_relationship` VALUES ('1', null, '阿弥陀佛！', '2020-08-23 22:20:05.365285', '0', '1', '3', '0');
INSERT INTO `article_user_relationship` VALUES ('2', null, null, '2020-08-23 23:29:01.586237', '1', '1', '1', '7');
INSERT INTO `article_user_relationship` VALUES ('3', null, '阿弥陀佛', '2020-08-24 20:21:41.111175', '1', '3', '1', '6');

-- ----------------------------
-- Table structure for article_userip
-- ----------------------------
DROP TABLE IF EXISTS `article_userip`;
CREATE TABLE `article_userip` (
  `id` int(11) NOT NULL AUTO_INCREMENT,
  `ip` varchar(35) NOT NULL,
  `count` int(11) NOT NULL,
  PRIMARY KEY (`id`)
) ENGINE=InnoDB AUTO_INCREMENT=9 DEFAULT CHARSET=utf8;

-- ----------------------------
-- Records of article_userip
-- ----------------------------
INSERT INTO `article_userip` VALUES ('1', '127.0.0.1', '41');
INSERT INTO `article_userip` VALUES ('2', '117.13.152.39', '57');
INSERT INTO `article_userip` VALUES ('3', '59.109.216.178', '32');
INSERT INTO `article_userip` VALUES ('4', '42.236.10.117', '2');
INSERT INTO `article_userip` VALUES ('5', '106.12.223.189', '2');
INSERT INTO `article_userip` VALUES ('6', '59.109.217.123', '45');
INSERT INTO `article_userip` VALUES ('7', '210.12.175.66', '39');
INSERT INTO `article_userip` VALUES ('8', '117.13.168.192', '5');

-- ----------------------------
-- Table structure for article_visitnumber
-- ----------------------------
DROP TABLE IF EXISTS `article_visitnumber`;
CREATE TABLE `article_visitnumber` (
  `id` int(11) NOT NULL AUTO_INCREMENT,
  `count` int(11) NOT NULL,
  PRIMARY KEY (`id`)
) ENGINE=InnoDB AUTO_INCREMENT=2 DEFAULT CHARSET=utf8;

-- ----------------------------
-- Records of article_visitnumber
-- ----------------------------
INSERT INTO `article_visitnumber` VALUES ('1', '223');

-- ----------------------------
-- Table structure for auth_group
-- ----------------------------
DROP TABLE IF EXISTS `auth_group`;
CREATE TABLE `auth_group` (
  `id` int(11) NOT NULL AUTO_INCREMENT,
  `name` varchar(150) NOT NULL,
  PRIMARY KEY (`id`),
  UNIQUE KEY `name` (`name`)
) ENGINE=InnoDB DEFAULT CHARSET=utf8;

-- ----------------------------
-- Records of auth_group
-- ----------------------------

-- ----------------------------
-- Table structure for auth_group_permissions
-- ----------------------------
DROP TABLE IF EXISTS `auth_group_permissions`;
CREATE TABLE `auth_group_permissions` (
  `id` int(11) NOT NULL AUTO_INCREMENT,
  `group_id` int(11) NOT NULL,
  `permission_id` int(11) NOT NULL,
  PRIMARY KEY (`id`),
  UNIQUE KEY `auth_group_permissions_group_id_permission_id_0cd325b0_uniq` (`group_id`,`permission_id`),
  KEY `auth_group_permissio_permission_id_84c5c92e_fk_auth_perm` (`permission_id`),
  CONSTRAINT `auth_group_permissio_permission_id_84c5c92e_fk_auth_perm` FOREIGN KEY (`permission_id`) REFERENCES `auth_permission` (`id`),
  CONSTRAINT `auth_group_permissions_group_id_b120cbf9_fk_auth_group_id` FOREIGN KEY (`group_id`) REFERENCES `auth_group` (`id`)
) ENGINE=InnoDB DEFAULT CHARSET=utf8;

-- ----------------------------
-- Records of auth_group_permissions
-- ----------------------------

-- ----------------------------
-- Table structure for auth_permission
-- ----------------------------
DROP TABLE IF EXISTS `auth_permission`;
CREATE TABLE `auth_permission` (
  `id` int(11) NOT NULL AUTO_INCREMENT,
  `name` varchar(255) NOT NULL,
  `content_type_id` int(11) NOT NULL,
  `codename` varchar(100) NOT NULL,
  PRIMARY KEY (`id`),
  UNIQUE KEY `auth_permission_content_type_id_codename_01ab375a_uniq` (`content_type_id`,`codename`),
  CONSTRAINT `auth_permission_content_type_id_2f476e4b_fk_django_co` FOREIGN KEY (`content_type_id`) REFERENCES `django_content_type` (`id`)
) ENGINE=InnoDB AUTO_INCREMENT=97 DEFAULT CHARSET=utf8;

-- ----------------------------
-- Records of auth_permission
-- ----------------------------
INSERT INTO `auth_permission` VALUES ('1', 'Can add log entry', '1', 'add_logentry');
INSERT INTO `auth_permission` VALUES ('2', 'Can change log entry', '1', 'change_logentry');
INSERT INTO `auth_permission` VALUES ('3', 'Can delete log entry', '1', 'delete_logentry');
INSERT INTO `auth_permission` VALUES ('4', 'Can view log entry', '1', 'view_logentry');
INSERT INTO `auth_permission` VALUES ('5', 'Can add permission', '2', 'add_permission');
INSERT INTO `auth_permission` VALUES ('6', 'Can change permission', '2', 'change_permission');
INSERT INTO `auth_permission` VALUES ('7', 'Can delete permission', '2', 'delete_permission');
INSERT INTO `auth_permission` VALUES ('8', 'Can view permission', '2', 'view_permission');
INSERT INTO `auth_permission` VALUES ('9', 'Can add group', '3', 'add_group');
INSERT INTO `auth_permission` VALUES ('10', 'Can change group', '3', 'change_group');
INSERT INTO `auth_permission` VALUES ('11', 'Can delete group', '3', 'delete_group');
INSERT INTO `auth_permission` VALUES ('12', 'Can view group', '3', 'view_group');
INSERT INTO `auth_permission` VALUES ('13', 'Can add user', '4', 'add_user');
INSERT INTO `auth_permission` VALUES ('14', 'Can change user', '4', 'change_user');
INSERT INTO `auth_permission` VALUES ('15', 'Can delete user', '4', 'delete_user');
INSERT INTO `auth_permission` VALUES ('16', 'Can view user', '4', 'view_user');
INSERT INTO `auth_permission` VALUES ('17', 'Can add 用户信息', '5', 'add_profile');
INSERT INTO `auth_permission` VALUES ('18', 'Can change 用户信息', '5', 'change_profile');
INSERT INTO `auth_permission` VALUES ('19', 'Can delete 用户信息', '5', 'delete_profile');
INSERT INTO `auth_permission` VALUES ('20', 'Can view 用户信息', '5', 'view_profile');
INSERT INTO `auth_permission` VALUES ('21', 'Can add content type', '6', 'add_contenttype');
INSERT INTO `auth_permission` VALUES ('22', 'Can change content type', '6', 'change_contenttype');
INSERT INTO `auth_permission` VALUES ('23', 'Can delete content type', '6', 'delete_contenttype');
INSERT INTO `auth_permission` VALUES ('24', 'Can view content type', '6', 'view_contenttype');
INSERT INTO `auth_permission` VALUES ('25', 'Can add session', '7', 'add_session');
INSERT INTO `auth_permission` VALUES ('26', 'Can change session', '7', 'change_session');
INSERT INTO `auth_permission` VALUES ('27', 'Can delete session', '7', 'delete_session');
INSERT INTO `auth_permission` VALUES ('28', 'Can view session', '7', 'view_session');
INSERT INTO `auth_permission` VALUES ('29', 'Can add 作者', '8', 'add_author');
INSERT INTO `auth_permission` VALUES ('30', 'Can change 作者', '8', 'change_author');
INSERT INTO `auth_permission` VALUES ('31', 'Can delete 作者', '8', 'delete_author');
INSERT INTO `auth_permission` VALUES ('32', 'Can view 作者', '8', 'view_author');
INSERT INTO `auth_permission` VALUES ('33', 'Can add 书籍', '9', 'add_book');
INSERT INTO `auth_permission` VALUES ('34', 'Can change 书籍', '9', 'change_book');
INSERT INTO `auth_permission` VALUES ('35', 'Can delete 书籍', '9', 'delete_book');
INSERT INTO `auth_permission` VALUES ('36', 'Can view 书籍', '9', 'view_book');
INSERT INTO `auth_permission` VALUES ('37', 'Can add 分类', '10', 'add_category');
INSERT INTO `auth_permission` VALUES ('38', 'Can change 分类', '10', 'change_category');
INSERT INTO `auth_permission` VALUES ('39', 'Can delete 分类', '10', 'delete_category');
INSERT INTO `auth_permission` VALUES ('40', 'Can view 分类', '10', 'view_category');
INSERT INTO `auth_permission` VALUES ('41', 'Can add 网站日访问量统计', '11', 'add_daynumber');
INSERT INTO `auth_permission` VALUES ('42', 'Can change 网站日访问量统计', '11', 'change_daynumber');
INSERT INTO `auth_permission` VALUES ('43', 'Can delete 网站日访问量统计', '11', 'delete_daynumber');
INSERT INTO `auth_permission` VALUES ('44', 'Can view 网站日访问量统计', '11', 'view_daynumber');
INSERT INTO `auth_permission` VALUES ('45', 'Can add 访问用户信息', '12', 'add_userip');
INSERT INTO `auth_permission` VALUES ('46', 'Can change 访问用户信息', '12', 'change_userip');
INSERT INTO `auth_permission` VALUES ('47', 'Can delete 访问用户信息', '12', 'delete_userip');
INSERT INTO `auth_permission` VALUES ('48', 'Can view 访问用户信息', '12', 'view_userip');
INSERT INTO `auth_permission` VALUES ('49', 'Can add 网站访问总次数', '13', 'add_visitnumber');
INSERT INTO `auth_permission` VALUES ('50', 'Can change 网站访问总次数', '13', 'change_visitnumber');
INSERT INTO `auth_permission` VALUES ('51', 'Can delete 网站访问总次数', '13', 'delete_visitnumber');
INSERT INTO `auth_permission` VALUES ('52', 'Can view 网站访问总次数', '13', 'view_visitnumber');
INSERT INTO `auth_permission` VALUES ('53', 'Can add 章节', '14', 'add_chapter');
INSERT INTO `auth_permission` VALUES ('54', 'Can change 章节', '14', 'change_chapter');
INSERT INTO `auth_permission` VALUES ('55', 'Can delete 章节', '14', 'delete_chapter');
INSERT INTO `auth_permission` VALUES ('56', 'Can view 章节', '14', 'view_chapter');
INSERT INTO `auth_permission` VALUES ('57', 'Can add 支持对应用户的中间表', '15', 'add_bookuser');
INSERT INTO `auth_permission` VALUES ('58', 'Can change 支持对应用户的中间表', '15', 'change_bookuser');
INSERT INTO `auth_permission` VALUES ('59', 'Can delete 支持对应用户的中间表', '15', 'delete_bookuser');
INSERT INTO `auth_permission` VALUES ('60', 'Can view 支持对应用户的中间表', '15', 'view_bookuser');
INSERT INTO `auth_permission` VALUES ('61', 'Can add captcha store', '16', 'add_captchastore');
INSERT INTO `auth_permission` VALUES ('62', 'Can change captcha store', '16', 'change_captchastore');
INSERT INTO `auth_permission` VALUES ('63', 'Can delete captcha store', '16', 'delete_captchastore');
INSERT INTO `auth_permission` VALUES ('64', 'Can view captcha store', '16', 'view_captchastore');
INSERT INTO `auth_permission` VALUES ('65', 'Can add 分类', '17', 'add_category');
INSERT INTO `auth_permission` VALUES ('66', 'Can change 分类', '17', 'change_category');
INSERT INTO `auth_permission` VALUES ('67', 'Can delete 分类', '17', 'delete_category');
INSERT INTO `auth_permission` VALUES ('68', 'Can view 分类', '17', 'view_category');
INSERT INTO `auth_permission` VALUES ('69', 'Can add 网站日访问量统计', '18', 'add_daynumber');
INSERT INTO `auth_permission` VALUES ('70', 'Can change 网站日访问量统计', '18', 'change_daynumber');
INSERT INTO `auth_permission` VALUES ('71', 'Can delete 网站日访问量统计', '18', 'delete_daynumber');
INSERT INTO `auth_permission` VALUES ('72', 'Can view 网站日访问量统计', '18', 'view_daynumber');
INSERT INTO `auth_permission` VALUES ('73', 'Can add 访问用户信息', '19', 'add_userip');
INSERT INTO `auth_permission` VALUES ('74', 'Can change 访问用户信息', '19', 'change_userip');
INSERT INTO `auth_permission` VALUES ('75', 'Can delete 访问用户信息', '19', 'delete_userip');
INSERT INTO `auth_permission` VALUES ('76', 'Can view 访问用户信息', '19', 'view_userip');
INSERT INTO `auth_permission` VALUES ('77', 'Can add 网站访问总次数', '20', 'add_visitnumber');
INSERT INTO `auth_permission` VALUES ('78', 'Can change 网站访问总次数', '20', 'change_visitnumber');
INSERT INTO `auth_permission` VALUES ('79', 'Can delete 网站访问总次数', '20', 'delete_visitnumber');
INSERT INTO `auth_permission` VALUES ('80', 'Can view 网站访问总次数', '20', 'view_visitnumber');
INSERT INTO `auth_permission` VALUES ('81', 'Can add 作者', '21', 'add_author');
INSERT INTO `auth_permission` VALUES ('82', 'Can change 作者', '21', 'change_author');
INSERT INTO `auth_permission` VALUES ('83', 'Can delete 作者', '21', 'delete_author');
INSERT INTO `auth_permission` VALUES ('84', 'Can view 作者', '21', 'view_author');
INSERT INTO `auth_permission` VALUES ('85', 'Can add 书籍', '22', 'add_article');
INSERT INTO `auth_permission` VALUES ('86', 'Can change 书籍', '22', 'change_article');
INSERT INTO `auth_permission` VALUES ('87', 'Can delete 书籍', '22', 'delete_article');
INSERT INTO `auth_permission` VALUES ('88', 'Can view 书籍', '22', 'view_article');
INSERT INTO `auth_permission` VALUES ('89', 'Can add 支持对应用户的中间表', '23', 'add_articleuser');
INSERT INTO `auth_permission` VALUES ('90', 'Can change 支持对应用户的中间表', '23', 'change_articleuser');
INSERT INTO `auth_permission` VALUES ('91', 'Can delete 支持对应用户的中间表', '23', 'delete_articleuser');
INSERT INTO `auth_permission` VALUES ('92', 'Can view 支持对应用户的中间表', '23', 'view_articleuser');
INSERT INTO `auth_permission` VALUES ('93', 'Can add merit to', '24', 'add_meritto');
INSERT INTO `auth_permission` VALUES ('94', 'Can change merit to', '24', 'change_meritto');
INSERT INTO `auth_permission` VALUES ('95', 'Can delete merit to', '24', 'delete_meritto');
INSERT INTO `auth_permission` VALUES ('96', 'Can view merit to', '24', 'view_meritto');

-- ----------------------------
-- Table structure for auth_user
-- ----------------------------
DROP TABLE IF EXISTS `auth_user`;
CREATE TABLE `auth_user` (
  `id` int(11) NOT NULL AUTO_INCREMENT,
  `password` varchar(128) NOT NULL,
  `last_login` datetime(6) DEFAULT NULL,
  `is_superuser` tinyint(1) NOT NULL,
  `username` varchar(150) NOT NULL,
  `first_name` varchar(150) NOT NULL,
  `last_name` varchar(150) NOT NULL,
  `email` varchar(254) NOT NULL,
  `is_staff` tinyint(1) NOT NULL,
  `is_active` tinyint(1) NOT NULL,
  `date_joined` datetime(6) NOT NULL,
  PRIMARY KEY (`id`),
  UNIQUE KEY `username` (`username`)
) ENGINE=InnoDB AUTO_INCREMENT=4 DEFAULT CHARSET=utf8;

-- ----------------------------
-- Records of auth_user
-- ----------------------------
INSERT INTO `auth_user` VALUES ('1', 'pbkdf2_sha256$216000$DQHn6cvNVDgU$ko/tmGyHb04B3p5ts2cKp6JVqrmOoF89Xglnma7lZ34=', '2020-08-28 22:40:53.419866', '1', 'admin', '', '', 'dandh811@163.com', '1', '1', '2020-08-20 01:19:22.746334');
INSERT INTO `auth_user` VALUES ('2', 'pbkdf2_sha256$216000$fy0p985gDAmH$dmnDHPJfBA/0fdmx+8LFE53wfK8MzGs+pNT+G8Lc0Rc=', null, '0', 'dandh811', '', '', '18601210371@163.com', '0', '1', '2020-08-23 16:17:41.472412');
INSERT INTO `auth_user` VALUES ('3', 'pbkdf2_sha256$216000$nDTiFWKpvwv9$hieuTt1+ujjCK9I7LqRKSVr/7DZmHbZ/LusAUs24MmQ=', '2020-08-23 22:55:18.859633', '0', 'dandh812', '', '', 'dandh811@gmail.com', '0', '1', '2020-08-23 16:22:52.110444');

-- ----------------------------
-- Table structure for auth_user_groups
-- ----------------------------
DROP TABLE IF EXISTS `auth_user_groups`;
CREATE TABLE `auth_user_groups` (
  `id` int(11) NOT NULL AUTO_INCREMENT,
  `user_id` int(11) NOT NULL,
  `group_id` int(11) NOT NULL,
  PRIMARY KEY (`id`),
  UNIQUE KEY `auth_user_groups_user_id_group_id_94350c0c_uniq` (`user_id`,`group_id`),
  KEY `auth_user_groups_group_id_97559544_fk_auth_group_id` (`group_id`),
  CONSTRAINT `auth_user_groups_group_id_97559544_fk_auth_group_id` FOREIGN KEY (`group_id`) REFERENCES `auth_group` (`id`),
  CONSTRAINT `auth_user_groups_user_id_6a12ed8b_fk_auth_user_id` FOREIGN KEY (`user_id`) REFERENCES `auth_user` (`id`)
) ENGINE=InnoDB DEFAULT CHARSET=utf8;

-- ----------------------------
-- Records of auth_user_groups
-- ----------------------------

-- ----------------------------
-- Table structure for auth_user_user_permissions
-- ----------------------------
DROP TABLE IF EXISTS `auth_user_user_permissions`;
CREATE TABLE `auth_user_user_permissions` (
  `id` int(11) NOT NULL AUTO_INCREMENT,
  `user_id` int(11) NOT NULL,
  `permission_id` int(11) NOT NULL,
  PRIMARY KEY (`id`),
  UNIQUE KEY `auth_user_user_permissions_user_id_permission_id_14a6b632_uniq` (`user_id`,`permission_id`),
  KEY `auth_user_user_permi_permission_id_1fbb5f2c_fk_auth_perm` (`permission_id`),
  CONSTRAINT `auth_user_user_permi_permission_id_1fbb5f2c_fk_auth_perm` FOREIGN KEY (`permission_id`) REFERENCES `auth_permission` (`id`),
  CONSTRAINT `auth_user_user_permissions_user_id_a95ead1b_fk_auth_user_id` FOREIGN KEY (`user_id`) REFERENCES `auth_user` (`id`)
) ENGINE=InnoDB DEFAULT CHARSET=utf8;

-- ----------------------------
-- Records of auth_user_user_permissions
-- ----------------------------

-- ----------------------------
-- Table structure for captcha_captchastore
-- ----------------------------
DROP TABLE IF EXISTS `captcha_captchastore`;
CREATE TABLE `captcha_captchastore` (
  `id` int(11) NOT NULL AUTO_INCREMENT,
  `challenge` varchar(32) NOT NULL,
  `response` varchar(32) NOT NULL,
  `hashkey` varchar(40) NOT NULL,
  `expiration` datetime(6) NOT NULL,
  PRIMARY KEY (`id`),
  UNIQUE KEY `hashkey` (`hashkey`)
) ENGINE=InnoDB AUTO_INCREMENT=41 DEFAULT CHARSET=utf8;

-- ----------------------------
-- Records of captcha_captchastore
-- ----------------------------

-- ----------------------------
-- Table structure for django_admin_log
-- ----------------------------
DROP TABLE IF EXISTS `django_admin_log`;
CREATE TABLE `django_admin_log` (
  `id` int(11) NOT NULL AUTO_INCREMENT,
  `action_time` datetime(6) NOT NULL,
  `object_id` longtext,
  `object_repr` varchar(200) NOT NULL,
  `action_flag` smallint(5) unsigned NOT NULL,
  `change_message` longtext NOT NULL,
  `content_type_id` int(11) DEFAULT NULL,
  `user_id` int(11) NOT NULL,
  PRIMARY KEY (`id`),
  KEY `django_admin_log_content_type_id_c4bce8eb_fk_django_co` (`content_type_id`),
  KEY `django_admin_log_user_id_c564eba6_fk_auth_user_id` (`user_id`),
  CONSTRAINT `django_admin_log_content_type_id_c4bce8eb_fk_django_co` FOREIGN KEY (`content_type_id`) REFERENCES `django_content_type` (`id`),
  CONSTRAINT `django_admin_log_user_id_c564eba6_fk_auth_user_id` FOREIGN KEY (`user_id`) REFERENCES `auth_user` (`id`)
) ENGINE=InnoDB AUTO_INCREMENT=89 DEFAULT CHARSET=utf8;

-- ----------------------------
-- Records of django_admin_log
-- ----------------------------
INSERT INTO `django_admin_log` VALUES ('1', '2020-08-20 22:14:22.176964', '1', '摩诃般若波罗蜜多心经', '1', '[{\"added\": {}}]', '9', '1');
INSERT INTO `django_admin_log` VALUES ('2', '2020-08-20 22:14:24.528058', '1', '全文', '1', '[{\"added\": {}}]', '14', '1');
INSERT INTO `django_admin_log` VALUES ('3', '2020-08-20 22:27:59.783149', '1', '全文', '2', '[{\"changed\": {\"fields\": [\"\\u5185\\u5bb9\"]}}]', '14', '1');
INSERT INTO `django_admin_log` VALUES ('4', '2020-08-21 07:38:17.056149', '1', '摩诃般若波罗蜜多心经', '2', '[{\"changed\": {\"fields\": [\"\\u5185\\u5bb9\", \"Voice\"]}}]', '9', '1');
INSERT INTO `django_admin_log` VALUES ('5', '2020-08-21 07:56:40.442669', '1', '摩诃般若波罗蜜多心经', '2', '[{\"changed\": {\"fields\": [\"Voice\"]}}]', '9', '1');
INSERT INTO `django_admin_log` VALUES ('6', '2020-08-21 07:59:30.705153', '1', '摩诃般若波罗蜜多心经', '2', '[{\"changed\": {\"fields\": [\"Voice\"]}}]', '9', '1');
INSERT INTO `django_admin_log` VALUES ('7', '2020-08-21 08:00:30.146477', '1', '摩诃般若波罗蜜多心经', '2', '[{\"changed\": {\"fields\": [\"Voice\"]}}]', '9', '1');
INSERT INTO `django_admin_log` VALUES ('8', '2020-08-21 08:00:48.587232', '1', '摩诃般若波罗蜜多心经', '2', '[{\"changed\": {\"fields\": [\"Voice\"]}}]', '9', '1');
INSERT INTO `django_admin_log` VALUES ('9', '2020-08-21 08:01:36.756561', '1', '摩诃般若波罗蜜多心经', '2', '[{\"changed\": {\"fields\": [\"Voice\"]}}]', '9', '1');
INSERT INTO `django_admin_log` VALUES ('10', '2020-08-21 08:10:54.436197', '1', '摩诃般若波罗蜜多心经', '2', '[{\"changed\": {\"fields\": [\"Voice\"]}}]', '9', '1');
INSERT INTO `django_admin_log` VALUES ('11', '2020-08-21 08:13:23.364824', '1', '摩诃般若波罗蜜多心经', '2', '[{\"changed\": {\"fields\": [\"Voice\"]}}]', '9', '1');
INSERT INTO `django_admin_log` VALUES ('12', '2020-08-21 08:15:21.264151', '1', '摩诃般若波罗蜜多心经', '2', '[{\"changed\": {\"fields\": [\"\\u5185\\u5bb9\"]}}]', '9', '1');
INSERT INTO `django_admin_log` VALUES ('13', '2020-08-21 08:29:37.255453', '1', '摩诃般若波罗蜜多心经', '2', '[{\"changed\": {\"fields\": [\"\\u5185\\u5bb9\"]}}]', '9', '1');
INSERT INTO `django_admin_log` VALUES ('14', '2020-08-21 08:30:17.414923', '1', '摩诃般若波罗蜜多心经', '2', '[{\"changed\": {\"fields\": [\"\\u5185\\u5bb9\"]}}]', '9', '1');
INSERT INTO `django_admin_log` VALUES ('15', '2020-08-22 16:39:43.069199', '1', '摩诃般若波罗蜜多心经', '2', '[{\"changed\": {\"fields\": [\"\\u5185\\u5bb9\"]}}]', '9', '1');
INSERT INTO `django_admin_log` VALUES ('16', '2020-08-22 22:06:15.547640', '1', '摩诃般若波罗蜜多心经', '2', '[{\"changed\": {\"fields\": [\"\\u5185\\u5bb9\"]}}]', '9', '1');
INSERT INTO `django_admin_log` VALUES ('17', '2020-08-22 22:16:46.526563', '1', '摩诃般若波罗蜜多心经', '2', '[{\"changed\": {\"fields\": [\"\\u5185\\u5bb9\"]}}]', '9', '1');
INSERT INTO `django_admin_log` VALUES ('18', '2020-08-22 22:45:11.653748', '1', '心经', '2', '[{\"changed\": {\"fields\": [\"\\u4e66\\u7c4d\\u540d\\u79f0\", \"\\u7b80\\u4ecb\"]}}]', '9', '1');
INSERT INTO `django_admin_log` VALUES ('19', '2020-08-22 22:56:41.893314', '1', '心经', '2', '[{\"changed\": {\"fields\": [\"Cover\"]}}]', '9', '1');
INSERT INTO `django_admin_log` VALUES ('20', '2020-08-22 23:08:41.824392', '1', '心经', '2', '[{\"changed\": {\"fields\": [\"Cover\"]}}]', '9', '1');
INSERT INTO `django_admin_log` VALUES ('21', '2020-08-22 23:08:52.414736', '1', '心经', '2', '[{\"changed\": {\"fields\": [\"Cover\"]}}]', '9', '1');
INSERT INTO `django_admin_log` VALUES ('22', '2020-08-22 23:09:41.879352', '1', '心经', '2', '[{\"changed\": {\"fields\": [\"Cover\"]}}]', '9', '1');
INSERT INTO `django_admin_log` VALUES ('23', '2020-08-22 23:09:50.272220', '1', '心经', '2', '[{\"changed\": {\"fields\": [\"Cover\"]}}]', '9', '1');
INSERT INTO `django_admin_log` VALUES ('24', '2020-08-23 20:45:06.592664', '1', '佛经', '1', '[{\"added\": {}}]', '10', '1');
INSERT INTO `django_admin_log` VALUES ('25', '2020-08-23 20:45:14.954162', '1', '心经', '2', '[{\"changed\": {\"fields\": [\"\\u5206\\u7c7b\"]}}]', '9', '1');
INSERT INTO `django_admin_log` VALUES ('26', '2020-08-23 21:14:03.337066', '1', '心经', '1', '[{\"added\": {}}]', '22', '1');
INSERT INTO `django_admin_log` VALUES ('27', '2020-08-23 23:27:28.296275', '3', '【地藏经】较量布施功德缘品 第十', '1', '[{\"added\": {}}]', '22', '1');
INSERT INTO `django_admin_log` VALUES ('28', '2020-08-23 23:28:06.241616', '3', '【地藏经】较量布施功德缘品 第十', '2', '[{\"changed\": {\"fields\": [\"Cover\"]}}]', '22', '1');
INSERT INTO `django_admin_log` VALUES ('29', '2020-08-24 20:31:48.390804', '3', '【地藏经】较量布施功德缘品 第十', '2', '[{\"changed\": {\"fields\": [\"\\u5185\\u5bb9\"]}}]', '22', '1');
INSERT INTO `django_admin_log` VALUES ('30', '2020-08-24 20:33:14.969740', '3', '【地藏经】较量布施功德缘品 第十', '2', '[{\"changed\": {\"fields\": [\"\\u5185\\u5bb9\"]}}]', '22', '1');
INSERT INTO `django_admin_log` VALUES ('31', '2020-08-26 08:21:06.923905', '3', '【地藏经】较量布施功德缘品 第十', '2', '[{\"changed\": {\"fields\": [\"\\u5185\\u5bb9\"]}}]', '22', '1');
INSERT INTO `django_admin_log` VALUES ('32', '2020-08-26 08:29:56.380297', '3', '【地藏经】较量布施功德缘品 第十', '2', '[{\"changed\": {\"fields\": [\"\\u5185\\u5bb9\"]}}]', '22', '1');
INSERT INTO `django_admin_log` VALUES ('33', '2020-08-26 08:32:29.518261', '3', '【地藏经】较量布施功德缘品 第十', '2', '[{\"changed\": {\"fields\": [\"\\u5185\\u5bb9\"]}}]', '22', '1');
INSERT INTO `django_admin_log` VALUES ('34', '2020-08-26 08:43:43.855090', '3', '【地藏经】较量布施功德缘品 第十', '2', '[{\"changed\": {\"fields\": [\"\\u5185\\u5bb9\"]}}]', '22', '1');
INSERT INTO `django_admin_log` VALUES ('35', '2020-08-26 08:57:52.862969', '2', 'all', '3', '', '22', '1');
INSERT INTO `django_admin_log` VALUES ('36', '2020-08-26 11:14:04.409194', '4', '大悲咒--印能法师', '1', '[{\"added\": {}}]', '22', '1');
INSERT INTO `django_admin_log` VALUES ('37', '2020-08-26 11:43:53.267273', '5', '忉利天宫神通品第一', '1', '[{\"added\": {}}]', '22', '1');
INSERT INTO `django_admin_log` VALUES ('38', '2020-08-26 11:44:10.149551', '6', '分身集会品第二', '1', '[{\"added\": {}}]', '22', '1');
INSERT INTO `django_admin_log` VALUES ('39', '2020-08-26 11:44:21.678367', '7', '观众生业缘品第三', '1', '[{\"added\": {}}]', '22', '1');
INSERT INTO `django_admin_log` VALUES ('40', '2020-08-26 11:44:37.346554', '8', '阎浮众生业感品第四', '1', '[{\"added\": {}}]', '22', '1');
INSERT INTO `django_admin_log` VALUES ('41', '2020-08-26 11:44:47.916397', '9', '地狱名号品第五', '1', '[{\"added\": {}}]', '22', '1');
INSERT INTO `django_admin_log` VALUES ('42', '2020-08-26 11:45:01.228924', '10', '如来赞叹品第六', '1', '[{\"added\": {}}]', '22', '1');
INSERT INTO `django_admin_log` VALUES ('43', '2020-08-26 11:45:11.403512', '11', '利益存亡品第七', '1', '[{\"added\": {}}]', '22', '1');
INSERT INTO `django_admin_log` VALUES ('44', '2020-08-26 11:45:24.826439', '12', '阎罗王众赞叹品第八', '1', '[{\"added\": {}}]', '22', '1');
INSERT INTO `django_admin_log` VALUES ('45', '2020-08-26 11:45:33.776204', '13', '称佛名号品第九', '1', '[{\"added\": {}}]', '22', '1');
INSERT INTO `django_admin_log` VALUES ('46', '2020-08-26 11:45:46.894703', '14', '地神护法品第十一', '1', '[{\"added\": {}}]', '22', '1');
INSERT INTO `django_admin_log` VALUES ('47', '2020-08-26 11:46:00.010326', '15', '见闻利益品第十二', '1', '[{\"added\": {}}]', '22', '1');
INSERT INTO `django_admin_log` VALUES ('48', '2020-08-26 11:46:09.496520', '16', '嘱累人天品第十三', '1', '[{\"added\": {}}]', '22', '1');
INSERT INTO `django_admin_log` VALUES ('49', '2020-08-26 11:49:25.699486', '16', '嘱累人天品第十三', '2', '[{\"changed\": {\"fields\": [\"\\u5206\\u7c7b\", \"Cover\"]}}]', '22', '1');
INSERT INTO `django_admin_log` VALUES ('50', '2020-08-26 11:49:39.400708', '15', '见闻利益品第十二', '2', '[{\"changed\": {\"fields\": [\"\\u5206\\u7c7b\", \"Cover\"]}}]', '22', '1');
INSERT INTO `django_admin_log` VALUES ('51', '2020-08-26 11:49:49.361297', '14', '地神护法品第十一', '2', '[{\"changed\": {\"fields\": [\"\\u5206\\u7c7b\", \"Cover\"]}}]', '22', '1');
INSERT INTO `django_admin_log` VALUES ('52', '2020-08-26 11:49:58.947796', '13', '称佛名号品第九', '2', '[{\"changed\": {\"fields\": [\"\\u5206\\u7c7b\", \"Cover\"]}}]', '22', '1');
INSERT INTO `django_admin_log` VALUES ('53', '2020-08-26 11:50:08.084831', '12', '阎罗王众赞叹品第八', '2', '[{\"changed\": {\"fields\": [\"\\u5206\\u7c7b\", \"Cover\"]}}]', '22', '1');
INSERT INTO `django_admin_log` VALUES ('54', '2020-08-26 11:50:20.137366', '11', '利益存亡品第七', '2', '[{\"changed\": {\"fields\": [\"\\u5206\\u7c7b\", \"Cover\"]}}]', '22', '1');
INSERT INTO `django_admin_log` VALUES ('55', '2020-08-26 11:50:35.602485', '10', '如来赞叹品第六', '2', '[{\"changed\": {\"fields\": [\"\\u5206\\u7c7b\", \"Cover\"]}}]', '22', '1');
INSERT INTO `django_admin_log` VALUES ('56', '2020-08-26 11:50:47.579640', '9', '地狱名号品第五', '2', '[{\"changed\": {\"fields\": [\"Cover\"]}}]', '22', '1');
INSERT INTO `django_admin_log` VALUES ('57', '2020-08-26 11:52:43.328480', '9', '地狱名号品第五', '2', '[{\"changed\": {\"fields\": [\"\\u5206\\u7c7b\"]}}]', '22', '1');
INSERT INTO `django_admin_log` VALUES ('58', '2020-08-26 11:52:58.180080', '8', '阎浮众生业感品第四', '2', '[{\"changed\": {\"fields\": [\"\\u5206\\u7c7b\", \"Cover\"]}}]', '22', '1');
INSERT INTO `django_admin_log` VALUES ('59', '2020-08-26 11:53:10.692711', '7', '观众生业缘品第三', '2', '[{\"changed\": {\"fields\": [\"\\u5206\\u7c7b\", \"Cover\"]}}]', '22', '1');
INSERT INTO `django_admin_log` VALUES ('60', '2020-08-26 11:53:20.898970', '6', '分身集会品第二', '2', '[{\"changed\": {\"fields\": [\"\\u5206\\u7c7b\", \"Voice\"]}}]', '22', '1');
INSERT INTO `django_admin_log` VALUES ('61', '2020-08-26 11:53:30.771243', '5', '忉利天宫神通品第一', '2', '[{\"changed\": {\"fields\": [\"\\u5206\\u7c7b\", \"Cover\"]}}]', '22', '1');
INSERT INTO `django_admin_log` VALUES ('62', '2020-08-26 11:54:24.838752', '6', '分身集会品第二', '2', '[{\"changed\": {\"fields\": [\"Voice\", \"Cover\"]}}]', '22', '1');
INSERT INTO `django_admin_log` VALUES ('63', '2020-08-27 12:06:41.087518', '1', '心经', '2', '[{\"changed\": {\"fields\": [\"\\u7ecf\\u6587\"]}}]', '22', '1');
INSERT INTO `django_admin_log` VALUES ('64', '2020-08-27 15:03:08.559943', '3', '【地藏经】较量布施功德缘品 第十', '2', '[{\"changed\": {\"fields\": [\"\\u975e\\u7ecf\\u6587\", \"\\u7ecf\\u6587\"]}}]', '22', '1');
INSERT INTO `django_admin_log` VALUES ('65', '2020-08-27 16:12:08.122321', '3', '【地藏经】较量布施功德缘品 第十', '2', '[{\"changed\": {\"fields\": [\"\\u7ecf\\u6587\"]}}]', '22', '1');
INSERT INTO `django_admin_log` VALUES ('66', '2020-08-27 16:13:39.121952', '1', '心经', '2', '[{\"changed\": {\"fields\": [\"\\u7ecf\\u6587\"]}}]', '22', '1');
INSERT INTO `django_admin_log` VALUES ('67', '2020-08-27 16:13:57.465657', '1', '心经', '2', '[]', '22', '1');
INSERT INTO `django_admin_log` VALUES ('68', '2020-08-27 17:45:31.642699', '1', '心经', '2', '[{\"changed\": {\"fields\": [\"\\u7ecf\\u6587\"]}}]', '22', '1');
INSERT INTO `django_admin_log` VALUES ('69', '2020-08-28 08:44:47.494694', '3', '【地藏经】较量布施功德缘品 第十', '2', '[{\"changed\": {\"fields\": [\"\\u7ecf\\u6587\"]}}]', '22', '1');
INSERT INTO `django_admin_log` VALUES ('70', '2020-08-28 08:45:27.185789', '3', '【地藏经】较量布施功德缘品 第十', '2', '[{\"changed\": {\"fields\": [\"\\u7ecf\\u6587\"]}}]', '22', '1');
INSERT INTO `django_admin_log` VALUES ('71', '2020-08-28 08:46:06.742092', '3', '【地藏经】较量布施功德缘品 第十', '2', '[{\"changed\": {\"fields\": [\"\\u7ecf\\u6587\"]}}]', '22', '1');
INSERT INTO `django_admin_log` VALUES ('72', '2020-08-28 22:41:05.498104', '5', '【地藏经】忉利天宫神通品第一', '2', '[{\"changed\": {\"fields\": [\"\\u7ecf\\u6587\"]}}]', '22', '1');
INSERT INTO `django_admin_log` VALUES ('73', '2020-08-28 22:46:51.494030', '6', '【地藏经】分身集会品第二', '2', '[{\"changed\": {\"fields\": [\"\\u7ecf\\u6587\"]}}]', '22', '1');
INSERT INTO `django_admin_log` VALUES ('74', '2020-08-28 22:47:26.496844', '7', '【地藏经】观众生业缘品第三', '2', '[{\"changed\": {\"fields\": [\"\\u7ecf\\u6587\"]}}]', '22', '1');
INSERT INTO `django_admin_log` VALUES ('75', '2020-08-28 22:52:41.975288', '8', '【地藏经】阎浮众生业感品第四', '2', '[{\"changed\": {\"fields\": [\"\\u7ecf\\u6587\"]}}]', '22', '1');
INSERT INTO `django_admin_log` VALUES ('76', '2020-08-28 22:53:03.810989', '9', '【地藏经】地狱名号品第五', '2', '[{\"changed\": {\"fields\": [\"\\u7ecf\\u6587\"]}}]', '22', '1');
INSERT INTO `django_admin_log` VALUES ('77', '2020-08-28 22:54:00.953320', '10', '【地藏经】如来赞叹品第六', '2', '[{\"changed\": {\"fields\": [\"\\u7ecf\\u6587\"]}}]', '22', '1');
INSERT INTO `django_admin_log` VALUES ('78', '2020-08-28 22:54:49.311848', '11', '【地藏经】利益存亡品第七', '2', '[{\"changed\": {\"fields\": [\"\\u7ecf\\u6587\"]}}]', '22', '1');
INSERT INTO `django_admin_log` VALUES ('79', '2020-08-28 22:56:53.945025', '12', '【地藏经】阎罗王众赞叹品第八', '2', '[{\"changed\": {\"fields\": [\"\\u7ecf\\u6587\"]}}]', '22', '1');
INSERT INTO `django_admin_log` VALUES ('80', '2020-08-28 22:58:06.598329', '13', '【地藏经】称佛名号品第九', '2', '[{\"changed\": {\"fields\": [\"\\u7ecf\\u6587\"]}}]', '22', '1');
INSERT INTO `django_admin_log` VALUES ('81', '2020-08-28 22:58:28.600951', '14', '【地藏经】地神护法品第十一', '2', '[{\"changed\": {\"fields\": [\"\\u7ecf\\u6587\"]}}]', '22', '1');
INSERT INTO `django_admin_log` VALUES ('82', '2020-08-28 22:59:50.973849', '15', '【地藏经】见闻利益品第十二', '2', '[{\"changed\": {\"fields\": [\"\\u7ecf\\u6587\"]}}]', '22', '1');
INSERT INTO `django_admin_log` VALUES ('83', '2020-08-28 23:00:47.568783', '16', '【地藏经】嘱累人天品第十三', '2', '[{\"changed\": {\"fields\": [\"\\u7ecf\\u6587\"]}}]', '22', '1');
INSERT INTO `django_admin_log` VALUES ('84', '2020-08-29 08:30:31.514144', '5', '【地藏经】忉利天宫神通品第一', '2', '[{\"changed\": {\"fields\": [\"\\u7ecf\\u6587\"]}}]', '22', '1');
INSERT INTO `django_admin_log` VALUES ('85', '2020-08-29 08:32:50.288007', '5', '【地藏经】忉利天宫神通品第一', '2', '[{\"changed\": {\"fields\": [\"\\u7ecf\\u6587\"]}}]', '22', '1');
INSERT INTO `django_admin_log` VALUES ('86', '2020-08-29 08:37:18.089369', '5', '【地藏经】忉利天宫神通品第一', '2', '[{\"changed\": {\"fields\": [\"\\u7ecf\\u6587\"]}}]', '22', '1');
INSERT INTO `django_admin_log` VALUES ('87', '2020-08-29 08:38:57.453411', '5', '【地藏经】忉利天宫神通品第一', '2', '[{\"changed\": {\"fields\": [\"\\u7ecf\\u6587\"]}}]', '22', '1');
INSERT INTO `django_admin_log` VALUES ('88', '2020-08-29 08:40:05.684841', '5', '【地藏经】忉利天宫神通品第一', '2', '[{\"changed\": {\"fields\": [\"\\u7ecf\\u6587\"]}}]', '22', '1');

-- ----------------------------
-- Table structure for django_content_type
-- ----------------------------
DROP TABLE IF EXISTS `django_content_type`;
CREATE TABLE `django_content_type` (
  `id` int(11) NOT NULL AUTO_INCREMENT,
  `app_label` varchar(100) NOT NULL,
  `model` varchar(100) NOT NULL,
  PRIMARY KEY (`id`),
  UNIQUE KEY `django_content_type_app_label_model_76bd3d3b_uniq` (`app_label`,`model`)
) ENGINE=InnoDB AUTO_INCREMENT=25 DEFAULT CHARSET=utf8;

-- ----------------------------
-- Records of django_content_type
-- ----------------------------
INSERT INTO `django_content_type` VALUES ('1', 'admin', 'logentry');
INSERT INTO `django_content_type` VALUES ('22', 'article', 'article');
INSERT INTO `django_content_type` VALUES ('23', 'article', 'articleuser');
INSERT INTO `django_content_type` VALUES ('21', 'article', 'author');
INSERT INTO `django_content_type` VALUES ('17', 'article', 'category');
INSERT INTO `django_content_type` VALUES ('18', 'article', 'daynumber');
INSERT INTO `django_content_type` VALUES ('24', 'article', 'meritto');
INSERT INTO `django_content_type` VALUES ('19', 'article', 'userip');
INSERT INTO `django_content_type` VALUES ('20', 'article', 'visitnumber');
INSERT INTO `django_content_type` VALUES ('3', 'auth', 'group');
INSERT INTO `django_content_type` VALUES ('2', 'auth', 'permission');
INSERT INTO `django_content_type` VALUES ('5', 'auth', 'profile');
INSERT INTO `django_content_type` VALUES ('4', 'auth', 'user');
INSERT INTO `django_content_type` VALUES ('8', 'books', 'author');
INSERT INTO `django_content_type` VALUES ('9', 'books', 'book');
INSERT INTO `django_content_type` VALUES ('15', 'books', 'bookuser');
INSERT INTO `django_content_type` VALUES ('10', 'books', 'category');
INSERT INTO `django_content_type` VALUES ('14', 'books', 'chapter');
INSERT INTO `django_content_type` VALUES ('11', 'books', 'daynumber');
INSERT INTO `django_content_type` VALUES ('12', 'books', 'userip');
INSERT INTO `django_content_type` VALUES ('13', 'books', 'visitnumber');
INSERT INTO `django_content_type` VALUES ('16', 'captcha', 'captchastore');
INSERT INTO `django_content_type` VALUES ('6', 'contenttypes', 'contenttype');
INSERT INTO `django_content_type` VALUES ('7', 'sessions', 'session');

-- ----------------------------
-- Table structure for django_migrations
-- ----------------------------
DROP TABLE IF EXISTS `django_migrations`;
CREATE TABLE `django_migrations` (
  `id` int(11) NOT NULL AUTO_INCREMENT,
  `app` varchar(255) NOT NULL,
  `name` varchar(255) NOT NULL,
  `applied` datetime(6) NOT NULL,
  PRIMARY KEY (`id`)
) ENGINE=InnoDB AUTO_INCREMENT=37 DEFAULT CHARSET=utf8;

-- ----------------------------
-- Records of django_migrations
-- ----------------------------
INSERT INTO `django_migrations` VALUES ('1', 'contenttypes', '0001_initial', '2020-08-20 01:18:44.546483');
INSERT INTO `django_migrations` VALUES ('2', 'auth', '0001_initial', '2020-08-20 01:18:44.947332');
INSERT INTO `django_migrations` VALUES ('3', 'admin', '0001_initial', '2020-08-20 01:18:45.281557');
INSERT INTO `django_migrations` VALUES ('4', 'admin', '0002_logentry_remove_auto_add', '2020-08-20 01:18:45.358421');
INSERT INTO `django_migrations` VALUES ('5', 'admin', '0003_logentry_add_action_flag_choices', '2020-08-20 01:18:45.403836');
INSERT INTO `django_migrations` VALUES ('6', 'contenttypes', '0002_remove_content_type_name', '2020-08-20 01:18:45.622607');
INSERT INTO `django_migrations` VALUES ('7', 'auth', '0002_alter_permission_name_max_length', '2020-08-20 01:18:45.719914');
INSERT INTO `django_migrations` VALUES ('8', 'auth', '0003_alter_user_email_max_length', '2020-08-20 01:18:45.885295');
INSERT INTO `django_migrations` VALUES ('9', 'auth', '0004_alter_user_username_opts', '2020-08-20 01:18:46.012162');
INSERT INTO `django_migrations` VALUES ('10', 'auth', '0005_alter_user_last_login_null', '2020-08-20 01:18:46.162026');
INSERT INTO `django_migrations` VALUES ('11', 'auth', '0006_require_contenttypes_0002', '2020-08-20 01:18:46.169883');
INSERT INTO `django_migrations` VALUES ('12', 'auth', '0007_alter_validators_add_error_messages', '2020-08-20 01:18:46.224178');
INSERT INTO `django_migrations` VALUES ('13', 'auth', '0008_alter_user_username_max_length', '2020-08-20 01:18:46.310039');
INSERT INTO `django_migrations` VALUES ('14', 'auth', '0009_alter_user_last_name_max_length', '2020-08-20 01:18:46.389588');
INSERT INTO `django_migrations` VALUES ('15', 'auth', '0010_alter_group_name_max_length', '2020-08-20 01:18:46.539728');
INSERT INTO `django_migrations` VALUES ('16', 'auth', '0011_update_proxy_permissions', '2020-08-20 01:18:46.599639');
INSERT INTO `django_migrations` VALUES ('17', 'auth', '0012_alter_user_first_name_max_length', '2020-08-20 01:18:46.672315');
INSERT INTO `django_migrations` VALUES ('18', 'auth', '0013_profile', '2020-08-20 01:18:46.737067');
INSERT INTO `django_migrations` VALUES ('19', 'books', '0001_initial', '2020-08-20 01:18:47.692008');
INSERT INTO `django_migrations` VALUES ('20', 'captcha', '0001_initial', '2020-08-20 01:18:48.000125');
INSERT INTO `django_migrations` VALUES ('21', 'sessions', '0001_initial', '2020-08-20 01:18:48.093686');
INSERT INTO `django_migrations` VALUES ('22', 'books', '0002_auto_20200820_2221', '2020-08-20 22:21:46.240573');
INSERT INTO `django_migrations` VALUES ('23', 'books', '0003_auto_20200821_0737', '2020-08-21 07:37:09.730123');
INSERT INTO `django_migrations` VALUES ('24', 'books', '0004_auto_20200821_0740', '2020-08-21 07:40:24.647065');
INSERT INTO `django_migrations` VALUES ('25', 'books', '0005_auto_20200821_0756', '2020-08-21 07:56:11.854986');
INSERT INTO `django_migrations` VALUES ('26', 'books', '0006_book_cover', '2020-08-22 22:52:01.668891');
INSERT INTO `django_migrations` VALUES ('27', 'article', '0001_initial', '2020-08-23 20:59:39.527804');
INSERT INTO `django_migrations` VALUES ('28', 'article', '0002_auto_20200824_0822', '2020-08-24 08:22:28.191902');
INSERT INTO `django_migrations` VALUES ('29', 'article', '0003_auto_20200824_2107', '2020-08-24 21:07:19.891057');
INSERT INTO `django_migrations` VALUES ('30', 'article', '0004_meritto', '2020-08-25 23:22:57.031602');
INSERT INTO `django_migrations` VALUES ('31', 'article', '0005_auto_20200825_2337', '2020-08-25 23:37:55.341086');
INSERT INTO `django_migrations` VALUES ('32', 'article', '0006_auto_20200826_1143', '2020-08-26 11:43:28.272451');
INSERT INTO `django_migrations` VALUES ('33', 'article', '0007_auto_20200827_1153', '2020-08-27 11:53:42.826062');
INSERT INTO `django_migrations` VALUES ('34', 'article', '0008_auto_20200827_1155', '2020-08-27 11:55:11.064441');
INSERT INTO `django_migrations` VALUES ('35', 'article', '0009_auto_20200827_1513', '2020-08-27 15:13:58.419072');
INSERT INTO `django_migrations` VALUES ('36', 'article', '0010_auto_20200827_1615', '2020-08-27 16:15:11.238256');

-- ----------------------------
-- Table structure for django_session
-- ----------------------------
DROP TABLE IF EXISTS `django_session`;
CREATE TABLE `django_session` (
  `session_key` varchar(40) NOT NULL,
  `session_data` longtext NOT NULL,
  `expire_date` datetime(6) NOT NULL,
  PRIMARY KEY (`session_key`),
  KEY `django_session_expire_date_a5c62663` (`expire_date`)
) ENGINE=InnoDB DEFAULT CHARSET=utf8;

-- ----------------------------
-- Records of django_session
-- ----------------------------
INSERT INTO `django_session` VALUES ('1mxmwytgpkq79u7ephay5nuo8ew4f6xc', '.eJxVjDsOwyAQBe9CHSE-Wgwp0-cMaNk1wUkEkrErK3ePLblI2jczbxMR16XEtY9znFhchRaX3y0hvcZ6AH5ifTRJrS7zlOShyJN2eW88vm-n-3dQsJe9HjSZxAgAzqmBwVjFQNlmB-QA0OmQjKdg2RivMwUNvAvIXoFxlMTnC9C_N54:1k9pM9:wdJ_7qB_QzbCGrF5YGAU3kPQuYYcXF_PA4kbuBSQIxo', '2020-09-06 20:44:17.607975');
INSERT INTO `django_session` VALUES ('34a036cd546j4dresvp49r5xwqanhuuv', '.eJxVjDsOwyAQBe9CHSE-Wgwp0-cMaNk1wUkEkrErK3ePLblI2jczbxMR16XEtY9znFhchRaX3y0hvcZ6AH5ifTRJrS7zlOShyJN2eW88vm-n-3dQsJe9HjSZxAgAzqmBwVjFQNlmB-QA0OmQjKdg2RivMwUNvAvIXoFxlMTnC9C_N54:1kAa4G:czhnGX_g7niy_2tMCImU7sM8BYik-udcObByVqr55z4', '2020-09-08 22:36:56.000838');
INSERT INTO `django_session` VALUES ('b761808p7vctl6ssrov1x44mkpe7h18g', '.eJxVjDsOwyAQBe9CHSE-Wgwp0-cMaNk1wUkEkrErK3ePLblI2jczbxMR16XEtY9znFhchRaX3y0hvcZ6AH5ifTRJrS7zlOShyJN2eW88vm-n-3dQsJe9HjSZxAgAzqmBwVjFQNlmB-QA0OmQjKdg2RivMwUNvAvIXoFxlMTnC9C_N54:1k8lDc:piHs0nqNOkutsJU6lZxhWC5o0Y3HyQSIDpk4cLSkap0', '2020-09-03 14:07:04.040203');
INSERT INTO `django_session` VALUES ('j7i7v12u3ilzf9dn6lv8moyxjwifx0pc', '.eJxVjEEOwiAQRe_C2pAyZYC6dO8ZyMCAVA0kpV0Z765NutDtf-_9l_C0rcVvPS1-ZnEWozj9boHiI9Ud8J3qrcnY6rrMQe6KPGiX18bpeTncv4NCvXxrTZDBZQBILhsbUfHgNDlkZEYwEE1gRcOoYCICwpg1G7QGJkwWsnh_ANwAN6A:1k9lJM:FVZQhbUW_K49Qxs0TW_z5PBHCP3s0P6F_S_juFq9LTQ', '2020-09-06 16:25:08.008308');
INSERT INTO `django_session` VALUES ('ls3f07d16jo3a4017i73itu2u1xw1jq5', '.eJxVjDsOwyAQBe9CHSE-Wgwp0-cMaNk1wUkEkrErK3ePLblI2jczbxMR16XEtY9znFhchRaX3y0hvcZ6AH5ifTRJrS7zlOShyJN2eW88vm-n-3dQsJe9HjSZxAgAzqmBwVjFQNlmB-QA0OmQjKdg2RivMwUNvAvIXoFxlMTnC9C_N54:1kBfYj:HI1e916q0a_i5UoLF0Y3IHCARCd_qPVR7G997BGQpq4', '2020-09-11 22:40:53.433708');
INSERT INTO `django_session` VALUES ('oq8blnco9nyzcut91p41zw3cdawa6d9f', '.eJxVjDsOwyAQBe9CHSE-Wgwp0-cMaNk1wUkEkrErK3ePLblI2jczbxMR16XEtY9znFhchRaX3y0hvcZ6AH5ifTRJrS7zlOShyJN2eW88vm-n-3dQsJe9HjSZxAgAzqmBwVjFQNlmB-QA0OmQjKdg2RivMwUNvAvIXoFxlMTnC9C_N54:1kBeVh:WlfjZeVAxXZ9-amFlDUAzgQkBnZMPCpzjk5jgMcHUBk', '2020-09-11 21:33:41.467272');
INSERT INTO `django_session` VALUES ('po29cw7q7eumimc9myntkcqqdrvpaj0l', '.eJxVjEEOwiAQRe_C2pAyZYC6dO8ZyMCAVA0kpV0Z765NutDtf-_9l_C0rcVvPS1-ZnEWozj9boHiI9Ud8J3qrcnY6rrMQe6KPGiX18bpeTncv4NCvXxrTZDBZQBILhsbUfHgNDlkZEYwEE1gRcOoYCICwpg1G7QGJkwWsnh_ANwAN6A:1k9rOw:Kl17GKp-sSNwwXFmtt5XCWMoG3V5dLpqJ0CXDyTT7Yk', '2020-09-06 22:55:18.873253');
INSERT INTO `django_session` VALUES ('r44leo8snzpk5hbku5ypwrizl3yp7e1p', '.eJxVjEEOwiAQRe_C2pAyZYC6dO8ZyMCAVA0kpV0Z765NutDtf-_9l_C0rcVvPS1-ZnEWozj9boHiI9Ud8J3qrcnY6rrMQe6KPGiX18bpeTncv4NCvXxrTZDBZQBILhsbUfHgNDlkZEYwEE1gRcOoYCICwpg1G7QGJkwWsnh_ANwAN6A:1k9mMA:k4AMobkNT89v5FIAw23-o6wlVdLbWXJO4mDGdwxLAkE', '2020-09-06 17:32:06.415546');
INSERT INTO `django_session` VALUES ('spyako7mzgcy38a8ge8isw5o92cl4lzn', '.eJxVjDsOwyAQBe9CHSE-Wgwp0-cMaNk1wUkEkrErK3ePLblI2jczbxMR16XEtY9znFhchRaX3y0hvcZ6AH5ifTRJrS7zlOShyJN2eW88vm-n-3dQsJe9HjSZxAgAzqmBwVjFQNlmB-QA0OmQjKdg2RivMwUNvAvIXoFxlMTnC9C_N54:1kACXb:IULY8kmgSZtN_vY_6Z5ywfT9IjgDr0rtPqhfmY_ZTuk', '2020-09-07 21:29:39.089170');
INSERT INTO `django_session` VALUES ('wqmf3v7v62zuxwa2t8yfriy2nbgmgaar', '.eJxVjDsOwyAQBe9CHSE-Wgwp0-cMaNk1wUkEkrErK3ePLblI2jczbxMR16XEtY9znFhchRaX3y0hvcZ6AH5ifTRJrS7zlOShyJN2eW88vm-n-3dQsJe9HjSZxAgAzqmBwVjFQNlmB-QA0OmQjKdg2RivMwUNvAvIXoFxlMTnC9C_N54:1k9P3N:VVVaJcKljhaslqi73oSZVkNED6iS4Egn6uy_nyHaegM', '2020-09-05 16:39:09.216496');

-- ----------------------------
-- Table structure for users_profile
-- ----------------------------
DROP TABLE IF EXISTS `users_profile`;
CREATE TABLE `users_profile` (
  `id` int(11) NOT NULL AUTO_INCREMENT,
  `sex` tinyint(1) NOT NULL,
  `city` varchar(128) DEFAULT NULL,
  `date_updated` datetime(6) DEFAULT NULL,
  `mobilephone` varchar(50) NOT NULL,
  `description` longtext NOT NULL,
  `error_count` int(11) NOT NULL,
  `lock_time` datetime(6) NOT NULL,
  `email` varchar(254) DEFAULT NULL,
  `avatar` varchar(100) NOT NULL,
  `point` int(11) NOT NULL,
  `user_id` int(11) NOT NULL,
  PRIMARY KEY (`id`),
  UNIQUE KEY `user_id` (`user_id`),
  CONSTRAINT `users_profile_user_id_2112e78d_fk_auth_user_id` FOREIGN KEY (`user_id`) REFERENCES `auth_user` (`id`)
) ENGINE=InnoDB AUTO_INCREMENT=4 DEFAULT CHARSET=utf8;

-- ----------------------------
-- Records of users_profile
-- ----------------------------
INSERT INTO `users_profile` VALUES ('1', '0', null, '2020-08-28 22:40:53.428134', '', '', '0', '2020-08-20 01:19:24.012348', null, 'avatar/favicon.ico', '2', '1');
INSERT INTO `users_profile` VALUES ('2', '0', null, '2020-08-23 16:17:41.491454', '', '', '0', '2020-08-23 16:17:41.477992', null, '', '0', '2');
INSERT INTO `users_profile` VALUES ('3', '0', null, '2020-08-23 22:55:18.867876', '', '', '0', '2020-08-23 16:22:52.117171', null, 'avatar/1.jpg', '11', '3');
